feature,importance
Landroid/content/pm/PackageInstaller;->getAllSessions()Ljava/util/List;,0.027848982335758627
Landroid/os/Parcel;->writeList(Ljava/util/List;)V,0.0215216353034352
Landroid/telephony/TelephonyManager;->getSubscriberId()Ljava/lang/String;,0.021407253436407293
Landroid/webkit/WebSettings;->getDefaultUserAgent(Landroid/content/Context;)Ljava/lang/String;,0.020055026568249517
Landroid/content/res/Resources;->getColorStateList(I)Landroid/content/res/ColorStateList;,0.01841084552471309
Landroid/content/res/Resources;->getXml(I)Landroid/content/res/XmlResourceParser;,0.013602294184780482
Landroid/os/UserManager;->getApplicationRestrictions(Ljava/lang/String;)Landroid/os/Bundle;,0.013496244294531945
Landroid/os/AsyncTask;->execute([Ljava/lang/Object;)Landroid/os/AsyncTask;,0.012381663225084953
Landroid/net/wifi/WifiManager;->getScanResults()Ljava/util/List;,0.011843417756562852
Landroid/os/PowerManager;->isScreenOn()Z,0.011749725517822319
Landroid/media/AudioManager;->getMode()I,0.011487929382094895
Landroid/app/Fragment;->unregisterForContextMenu(Landroid/view/View;)V,0.011135118502475111
Landroid/view/ViewGroup;->removeView(Landroid/view/View;)V,0.01103728813795406
Landroid/net/wifi/WifiManager;->isWifiEnabled()Z,0.01055478391908524
Landroid/os/PowerManager$WakeLock;->setWorkSource(Landroid/os/WorkSource;)V,0.010400787734169036
Landroid/widget/ViewSwitcher;-><init>(Landroid/content/Context;)V,0.009999405068214813
Landroid/telephony/TelephonyManager;->getDeviceId()Ljava/lang/String;,0.009959918157538373
Landroid/telephony/TelephonyManager;->getSimSerialNumber()Ljava/lang/String;,0.009632830525563406
Landroid/view/View;->setEnabled(Z)V,0.009399841631470559
Landroid/os/Parcel;->createTypedArray(Landroid/os/Parcelable$Creator;)[Ljava/lang/Object;,0.009111294217347273
Landroid/graphics/drawable/Drawable;->setBounds(Landroid/graphics/Rect;)V,0.009013014200427575
Landroid/telephony/TelephonyManager;->getCellLocation()Landroid/telephony/CellLocation;,0.008595026012962125
Landroid/app/AlertDialog$Builder;->setTitle(I)Landroid/app/AlertDialog$Builder;,0.008586336071165119
Landroid/view/ViewGroup;-><init>(Landroid/content/Context;)V,0.008476001743070621
Landroid/webkit/WebView;->setDownloadListener(Landroid/webkit/DownloadListener;)V,0.008449618072378526
Landroid/webkit/WebView;->onPause()V,0.008018872784184757
Landroid/view/ViewGroup;->addView(Landroid/view/View;)V,0.007969925804751669
Landroid/content/res/Resources;->getInteger(I)I,0.007082189628518249
Landroid/app/Activity;->finish()V,0.0069695880580996185
Landroid/os/PowerManager;->isInteractive()Z,0.006530916842824864
Landroid/support/v4/app/Fragment;->startActivity(Landroid/content/Intent;)V,0.006419028463361957
Landroid/webkit/WebView;->onTouchEvent(Landroid/view/MotionEvent;)Z,0.006381081836812574
Landroid/os/Parcel;->readException()V,0.00629123220047313
Landroid/app/AlertDialog;->setMessage(Ljava/lang/CharSequence;)V,0.006079013253239891
Landroid/database/CursorWindow;-><init>(Z)V,0.005794503656612793
Landroid/graphics/drawable/Drawable;->setLevel(I)Z,0.005764392908420675
Landroid/app/KeyguardManager;->inKeyguardRestrictedInputMode()Z,0.005762362317511898
Landroid/telephony/TelephonyManager;->getSimOperator()Ljava/lang/String;,0.005670526672774253
Landroid/content/res/Resources;->getDrawable(I)Landroid/graphics/drawable/Drawable;,0.005603553330462664
Landroid/view/View;->invalidate()V,0.005592366869371936
Landroid/app/Activity;->finishAffinity()V,0.005512065562012249
Landroid/telephony/TelephonyManager;->getNeighboringCellInfo()Ljava/util/List;,0.005403952613195377
Landroid/os/Parcel;->writeTypedList(Ljava/util/List;)V,0.005298493225824973
Landroid/os/Parcel;->readArrayList(Ljava/lang/ClassLoader;)Ljava/util/ArrayList;,0.005282195862002934
Landroid/webkit/WebView;->removeJavascriptInterface(Ljava/lang/String;)V,0.005227415196519246
Landroid/view/View$BaseSavedState;-><init>(Landroid/os/Parcel;)V,0.005192507613976394
Landroid/app/AlertDialog;->setTitle(Ljava/lang/CharSequence;)V,0.005003743708725921
Landroid/view/Display;->getRotation()I,0.004914812150843005
Landroid/media/AudioManager;->abandonAudioFocus(Landroid/media/AudioManager$OnAudioFocusChangeListener;)I,0.00484863986510232
Landroid/content/res/Resources;->getString(I)Ljava/lang/String;,0.0048442048290354735
Landroid/view/KeyEvent;->getKeyData(Landroid/view/KeyCharacterMap$KeyData;)Z,0.004831966507859288
Landroid/net/wifi/WifiManager;->getConnectionInfo()Landroid/net/wifi/WifiInfo;,0.004608441826725041
Landroid/graphics/drawable/BitmapDrawable;-><init>(Landroid/graphics/Bitmap;)V,0.004234524654507468
Landroid/widget/Toast;->setText(Ljava/lang/CharSequence;)V,0.004125686011665841
Landroid/net/wifi/WifiManager;->startScan()Z,0.004002026629598098
Landroid/view/View;->setDrawingCacheEnabled(Z)V,0.0037513635486687642
Landroid/view/View;->setVisibility(I)V,0.0036945539574134434
Landroid/app/Activity;->setContentView(I)V,0.003684133681042596
Landroid/widget/VideoView;->setVideoPath(Ljava/lang/String;)V,0.0036763810261126774
Landroid/app/Activity;-><init>()V,0.0035851736146998384
Landroid/app/ActivityManager;->getRunningServices(I)Ljava/util/List;,0.0033388539232444307
Landroid/os/Messenger;-><init>(Landroid/os/Handler;)V,0.003309716826984435
Landroid/widget/ImageView;->setImageResource(I)V,0.00317457542108901
Landroid/view/View;->offsetTopAndBottom(I)V,0.0031290646378221436
Landroid/view/ViewGroup;->removeAllViews()V,0.0031167851533126295
Landroid/app/Activity;->startActivity(Landroid/content/Intent;)V,0.003106352028995344
Landroid/database/sqlite/SQLiteDatabase;->setVersion(I)V,0.003064178418735697
Landroid/view/Window;->findViewById(I)Landroid/view/View;,0.003011398657082329
Landroid/graphics/drawable/PaintDrawable;-><init>(I)V,0.0029083234259775852
Landroid/view/View;->sendAccessibilityEvent(I)V,0.002893440005748685
Landroid/widget/TextView;-><init>(Landroid/content/Context;)V,0.002850273539247661
Landroid/graphics/drawable/ShapeDrawable;-><init>(Landroid/graphics/drawable/shapes/Shape;)V,0.00279813038713577
Landroid/view/ViewPropertyAnimator;->cancel()V,0.002713092131978978
Landroid/graphics/drawable/AnimationDrawable;-><init>()V,0.0026235096255909714
Landroid/net/wifi/WifiManager;->getWifiState()I,0.002612815805570059
Landroid/net/ConnectivityManager;->getAllNetworkInfo()[Landroid/net/NetworkInfo;,0.0026105805378420117
Landroid/telephony/PhoneStateListener;-><init>()V,0.0025533021070458673
Landroid/os/Parcel;->writeBundle(Landroid/os/Bundle;)V,0.002545492210840367
Landroid/view/View;->setFitsSystemWindows(Z)V,0.0025217365097723403
Landroid/content/res/Resources;->getColor(I)I,0.0024954942792107544
Landroid/app/Activity;->shouldUpRecreateTask(Landroid/content/Intent;)Z,0.0024875941862178906
Landroid/webkit/WebView;-><init>(Landroid/content/Context;)V,0.002473843394430654
Landroid/view/View;->onTouchEvent(Landroid/view/MotionEvent;)Z,0.0024488195888077683
Landroid/app/ActivityManager;->getRunningTasks(I)Ljava/util/List;,0.0022190379827066076
Landroid/view/View;->setAccessibilityLiveRegion(I)V,0.0022031259008642515
Landroid/content/BroadcastReceiver$PendingResult;->finish()V,0.0020811150367766036
Landroid/widget/TextView;->setText(I)V,0.002057672156319439
Landroid/widget/ImageView;->setImageTintList(Landroid/content/res/ColorStateList;)V,0.0020490070150286422
Landroid/telephony/TelephonyManager;->getNetworkOperatorName()Ljava/lang/String;,0.002036616962793316
Landroid/os/Bundle;->getStringArrayList(Ljava/lang/String;)Ljava/util/ArrayList;,0.0020048546822799933
Landroid/widget/CompoundButton;->setChecked(Z)V,0.001996603121326557
Landroid/app/ActivityManager;->getMyMemoryState(Landroid/app/ActivityManager$RunningAppProcessInfo;)V,0.001985311726747734
Landroid/view/View;->dispatchStartTemporaryDetach()V,0.0019510364649313596
Landroid/widget/TextView;->setTextSize(F)V,0.0019462995351394385
Landroid/app/job/JobService;-><init>()V,0.0019325644514809018
Landroid/util/LruCache;->get(Ljava/lang/Object;)Ljava/lang/Object;,0.001893061488015266
Landroid/app/ActivityManager;->getRunningAppProcesses()Ljava/util/List;,0.0018913352048368953
Landroid/webkit/WebView;->setWebChromeClient(Landroid/webkit/WebChromeClient;)V,0.0018733437892470034
Landroid/graphics/drawable/Drawable$ConstantState;->newDrawable(Landroid/content/res/Resources;)Landroid/graphics/drawable/Drawable;,0.0018447452719247694
Landroid/content/ContentProviderClient;->release()Z,0.0017989642061992572
Landroid/telephony/TelephonyManager;->getSimState()I,0.0017953586315817192
Landroid/view/View;->dispatchTouchEvent(Landroid/view/MotionEvent;)Z,0.0017798472967998653
Landroid/app/Activity;->onConfigurationChanged(Landroid/content/res/Configuration;)V,0.0017476291915433017
Landroid/telephony/TelephonyManager;->getNetworkType()I,0.001719648424481012
Landroid/widget/TextView;->setIncludeFontPadding(Z)V,0.0016758520405660627
Landroid/app/PendingIntent;->send(I)V,0.0016577945179677373
Landroid/content/ContentResolver;->getType(Landroid/net/Uri;)Ljava/lang/String;,0.001644375279693491
Landroid/location/LocationManager;->removeGpsStatusListener(Landroid/location/GpsStatus$Listener;)V,0.0016371703852758276
Landroid/view/View;->dispatchKeyShortcutEvent(Landroid/view/KeyEvent;)Z,0.001632796359899946
Landroid/database/sqlite/SQLiteDatabase;->execSQL(Ljava/lang/String;)V,0.0016022486189176627
Landroid/view/animation/Animation;->cancel()V,0.001580645252939121
Landroid/widget/ProgressBar;->setIndeterminate(Z)V,0.001514800104890556
Landroid/widget/FrameLayout;-><init>(Landroid/content/Context;)V,0.0015033556391834512
Landroid/text/format/Time;->format(Ljava/lang/String;)Ljava/lang/String;,0.0014970010987763443
Landroid/app/AlertDialog$Builder;-><init>(Landroid/content/Context;)V,0.0014945031827876907
Landroid/os/Environment;->getExternalStorageState()Ljava/lang/String;,0.001489526277815576
Landroid/telephony/TelephonyManager;->getLine1Number()Ljava/lang/String;,0.0014877411458952597
Landroid/graphics/drawable/BitmapDrawable;-><init>()V,0.0014811657918003501
Landroid/app/AlertDialog$Builder;->show()Landroid/app/AlertDialog;,0.0014755494969794806
Landroid/app/Activity;->findViewById(I)Landroid/view/View;,0.001464748991527931
Landroid/view/View;->jumpDrawablesToCurrentState()V,0.0014555646862490915
Landroid/content/Context;->obtainStyledAttributes([I)Landroid/content/res/TypedArray;,0.0014527826893207764
Landroid/app/Activity;->requestWindowFeature(I)Z,0.0014521670550352265
Landroid/view/Window;->setAttributes(Landroid/view/WindowManager$LayoutParams;)V,0.0014492012436134061
Landroid/view/View;->dispatchApplyWindowInsets(Landroid/view/WindowInsets;)Landroid/view/WindowInsets;,0.001448681064947585
Landroid/view/View;->requestFocus()Z,0.001436903965904234
Landroid/media/MediaPlayer;-><init>()V,0.0013964608400449869
Landroid/content/ContentResolver;->openInputStream(Landroid/net/Uri;)Ljava/io/InputStream;,0.001393252245742292
Landroid/widget/ProgressBar;->setProgress(I)V,0.0013903693522925981
Landroid/os/Looper;->loop()V,0.001362887204151776
Landroid/widget/Toast;->show()V,0.001360256007051177
Landroid/content/ContextWrapper;->getExternalCacheDir()Ljava/io/File;,0.001353484452425967
Landroid/view/KeyCharacterMap;->load(I)Landroid/view/KeyCharacterMap;,0.0013377416423303859
Landroid/content/res/Resources;->getText(I)Ljava/lang/CharSequence;,0.0012786619395184682
Landroid/view/Display;->getMetrics(Landroid/util/DisplayMetrics;)V,0.0012768799238123925
Landroid/app/IntentService;-><init>(Ljava/lang/String;)V,0.0012718702955599708
Landroid/webkit/WebView;->clearHistory()V,0.0012662082075572114
Landroid/support/v7/widget/ActionMenuPresenter;-><init>(Landroid/content/Context;)V,0.001266096537501698
Landroid/widget/VideoView;->stopPlayback()V,0.001255768732850717
Landroid/telephony/TelephonyManager;->getAllCellInfo()Ljava/util/List;,0.0012474929844125888
Landroid/content/ContentProvider;-><init>()V,0.0012435664700155972
Landroid/widget/FrameLayout;->setForeground(Landroid/graphics/drawable/Drawable;)V,0.0012305676263177196
Landroid/net/wifi/WifiManager;->setWifiEnabled(Z)Z,0.0012131716040230155
Landroid/webkit/WebView;->setWebContentsDebuggingEnabled(Z)V,0.0012116401370262813
Landroid/widget/VideoView;->setMediaController(Landroid/widget/MediaController;)V,0.0011919702010588116
Landroid/webkit/WebView;->setWebViewClient(Landroid/webkit/WebViewClient;)V,0.001188554928309718
Landroid/view/WindowManager$LayoutParams;->setTitle(Ljava/lang/CharSequence;)V,0.0011882003254956254
Landroid/widget/VideoView;->start()V,0.0011790337897023633
Landroid/widget/VideoView;->pause()V,0.0011716596166020132
Landroid/animation/AnimatorSet;->end()V,0.0011694099007978217
Landroid/view/View;->getWindowId()Landroid/view/WindowId;,0.0011687414832162967
Landroid/preference/PreferenceManager;->getDefaultSharedPreferences(Landroid/content/Context;)Landroid/content/SharedPreferences;,0.0011667100349700148
Landroid/opengl/GLSurfaceView;-><init>(Landroid/content/Context;)V,0.0011638721902032297
Landroid/os/ParcelFileDescriptor;->close()V,0.001162706517206403
Landroid/graphics/drawable/ColorDrawable;-><init>()V,0.001161047882500708
Landroid/webkit/WebView;->destroy()V,0.0011543433511986246
Landroid/app/Activity;->getRequestedOrientation()I,0.001145794004434685
Landroid/view/accessibility/CaptioningManager;->getFontScale()F,0.0011399989721116767
Landroid/media/MediaPlayer;->pause()V,0.0011395742033242623
Landroid/view/Display;->getSize(Landroid/graphics/Point;)V,0.001128838089755383
Landroid/webkit/WebView;->dispatchKeyEvent(Landroid/view/KeyEvent;)Z,0.0011276815873898626
Landroid/net/ConnectivityManager;->getNetworkInfo(I)Landroid/net/NetworkInfo;,0.0011033705855934696
Landroid/os/PowerManager$WakeLock;->acquire()V,0.0010922725070500912
Landroid/content/Context;->getString(I)Ljava/lang/String;,0.0010886338925370194
Landroid/media/MediaPlayer;->setDataSource(Ljava/lang/String;)V,0.0010847717619889786
Landroid/app/Activity;->onCreateOptionsMenu(Landroid/view/Menu;)Z,0.001062379511209364
Landroid/graphics/drawable/Drawable;->createFromPath(Ljava/lang/String;)Landroid/graphics/drawable/Drawable;,0.0010623709316440791
Landroid/content/res/TypedArray;->getDrawable(I)Landroid/graphics/drawable/Drawable;,0.0010581768200503057
Landroid/widget/GridView;-><init>(Landroid/content/Context;)V,0.0010496381068378837
Landroid/os/Parcel;->writeMap(Ljava/util/Map;)V,0.001045831988629594
Landroid/widget/PopupWindow;->update()V,0.0010439220144937832
Landroid/view/inputmethod/InputConnectionWrapper;->sendKeyEvent(Landroid/view/KeyEvent;)Z,0.001043579794722628
Landroid/view/inputmethod/InputMethodManager;->isActive()Z,0.0010390924745236492
Landroid/webkit/WebView;->setVerticalScrollbarOverlay(Z)V,0.001036793554917672
Landroid/app/Dialog;->onBackPressed()V,0.0010359484540307
Landroid/webkit/WebView;->getProgress()I,0.001035711894502281
Landroid/view/Window;->setSoftInputMode(I)V,0.0010347802801817599
Landroid/widget/ImageView;-><init>(Landroid/content/Context;)V,0.0010286956565600986
Landroid/view/ViewGroup;->removeViewAt(I)V,0.0010286908651070679
Landroid/telephony/TelephonyManager;->getNetworkOperator()Ljava/lang/String;,0.001028070537695375
Landroid/view/Display;->getRealMetrics(Landroid/util/DisplayMetrics;)V,0.0010241673442272408
Landroid/view/accessibility/AccessibilityManager;->isEnabled()Z,0.001017553141997061
Landroid/media/MediaPlayer;->stop()V,0.0010056397436251736
Landroid/widget/EditText;-><init>(Landroid/content/Context;)V,0.0010044484241982345
Landroid/app/Activity;->onBackPressed()V,0.00098849999961862
Landroid/app/NotificationManager;->cancel(I)V,0.0009721080660738644
Landroid/content/res/AssetFileDescriptor;->close()V,0.0009652898472964959
Landroid/app/ProgressDialog;-><init>(Landroid/content/Context;)V,0.0009597549118700965
Landroid/support/v4/content/ContextCompat;->getExternalCacheDirs(Landroid/content/Context;)[Ljava/io/File;,0.0009585416248299218
Landroid/webkit/WebView;->getSettings()Landroid/webkit/WebSettings;,0.0009579608254900271
Landroid/app/Activity;->getSystemService(Ljava/lang/String;)Ljava/lang/Object;,0.0009578734079667695
Landroid/service/wallpaper/WallpaperService;-><init>()V,0.0009573100714130703
Landroid/database/sqlite/SQLiteOpenHelper;->getWritableDatabase()Landroid/database/sqlite/SQLiteDatabase;,0.0009428790844376183
Landroid/widget/VideoView;-><init>(Landroid/content/Context;)V,0.0009365008515527255
Landroid/database/sqlite/SQLiteOpenHelper;->getReadableDatabase()Landroid/database/sqlite/SQLiteDatabase;,0.0009342577412269995
Landroid/view/Display;->getOrientation()I,0.0009339996867498929
Landroid/content/res/Resources;->openRawResource(I)Ljava/io/InputStream;,0.0009339062517474035
Landroid/telephony/TelephonyManager;->isNetworkRoaming()Z,0.0009294257760498768
Landroid/widget/ProgressBar;->setVisibility(I)V,0.000922978329906014
Landroid/widget/TextView;->setGravity(I)V,0.000912321027964103
Landroid/webkit/WebView;->canGoBack()Z,0.0009119752342037173
Landroid/view/Window;->clearFlags(I)V,0.000911241606126301
Landroid/view/View;->setBackgroundDrawable(Landroid/graphics/drawable/Drawable;)V,0.0009110199404897055
Landroid/view/View;->setPressed(Z)V,0.000898538149923324
Landroid/preference/PreferenceActivity;-><init>()V,0.0008985368530525089
Landroid/location/LocationManager;->getLastKnownLocation(Ljava/lang/String;)Landroid/location/Location;,0.0008946002952980466
Landroid/database/sqlite/SQLiteDatabase;->beginTransaction()V,0.0008907637527190613
Landroid/widget/ProgressBar;->setMax(I)V,0.0008861729374441936
Landroid/preference/PreferenceFragment;->onCreate(Landroid/os/Bundle;)V,0.0008859830518747355
Landroid/widget/RelativeLayout;-><init>(Landroid/content/Context;)V,0.0008829690881541776
Landroid/media/MediaPlayer;->prepare()V,0.000880638919871828
Landroid/os/Handler;->dispatchMessage(Landroid/os/Message;)V,0.0008781397046033534
Landroid/app/NativeActivity;-><init>()V,0.0008649466131531095
Landroid/view/ViewConfiguration;->get(Landroid/content/Context;)Landroid/view/ViewConfiguration;,0.0008648728545216183
Landroid/location/LocationManager;->removeUpdates(Landroid/location/LocationListener;)V,0.0008646637053359188
Landroid/media/MediaPlayer;->start()V,0.000856049058518352
Landroid/widget/ScrollView;-><init>(Landroid/content/Context;)V,0.0008505751439671025
Landroid/webkit/WebView;->clearFormData()V,0.0008487268860061677
Landroid/app/Activity;->setContentView(Landroid/view/View;)V,0.0008478880614591729
Landroid/app/ProgressDialog;->setMessage(Ljava/lang/CharSequence;)V,0.000844536520486226
Landroid/view/View;->setContentDescription(Ljava/lang/CharSequence;)V,0.0008322496657549941
Landroid/view/View;->setHorizontalScrollBarEnabled(Z)V,0.0008322423887416637
Landroid/app/AlertDialog$Builder;->create()Landroid/app/AlertDialog;,0.0008205339827092183
Landroid/webkit/WebView;->goBack()V,0.0008197554845699292
Landroid/widget/TextView;->setTypeface(Landroid/graphics/Typeface;)V,0.0008144374381332869
Landroid/webkit/CookieManager;->getInstance()Landroid/webkit/CookieManager;,0.0008109718776701421
Landroid/os/Bundle;->getByteArray(Ljava/lang/String;)[B,0.0008097555592714727
Landroid/content/Intent;->getByteArrayExtra(Ljava/lang/String;)[B,0.0008096896093857879
Landroid/widget/ProgressBar;-><init>(Landroid/content/Context;)V,0.0008080325704373219
Landroid/view/ActionProvider;->refreshVisibility()V,0.000803016270227873
Landroid/view/LayoutInflater;->from(Landroid/content/Context;)Landroid/view/LayoutInflater;,0.0007940357020275873
Landroid/app/Dialog;-><init>(Landroid/content/Context;)V,0.0007746180825774004
Landroid/media/AudioManager;->getRingerMode()I,0.0007740667082997431
Landroid/app/AlarmManager;->cancel(Landroid/app/PendingIntent;)V,0.0007726718422826177
Landroid/webkit/WebView;->loadUrl(Ljava/lang/String;)V,0.0007639279506403084
Landroid/view/ViewGroupOverlay;->remove(Landroid/view/View;)V,0.0007581493769405963
Landroid/accounts/AccountManager;->get(Landroid/content/Context;)Landroid/accounts/AccountManager;,0.0007565299893550634
Landroid/app/Dialog;->show()V,0.0007545484258152012
Landroid/app/Service;->stopSelf()V,0.0007538171429766125
Landroid/os/Environment;->getExternalStorageDirectory()Ljava/io/File;,0.0007512983881300757
Landroid/view/inputmethod/InputMethodManager;->isActive(Landroid/view/View;)Z,0.0007507725637749353
Landroid/media/AudioManager;->getStreamVolume(I)I,0.000743137751298102
Landroid/widget/ImageView;->setImageBitmap(Landroid/graphics/Bitmap;)V,0.0007422527114482335
Landroid/view/View;->setLongClickable(Z)V,0.0007403800874652848
Landroid/view/Display;->getWidth()I,0.000739952227386599
Landroid/view/View;->setBackground(Landroid/graphics/drawable/Drawable;)V,0.0007382507369793092
Landroid/os/Parcel;->readParcelableArray(Ljava/lang/ClassLoader;)[Landroid/os/Parcelable;,0.000730918985793701
Landroid/telephony/TelephonyManager;->getSimCountryIso()Ljava/lang/String;,0.0007296185881138617
Landroid/widget/ImageButton;-><init>(Landroid/content/Context;)V,0.000729247007744695
Landroid/accessibilityservice/AccessibilityServiceInfo;->loadDescription(Landroid/content/pm/PackageManager;)Ljava/lang/String;,0.0007123119146285339
Landroid/widget/CheckedTextView;->setCheckMarkDrawable(I)V,0.0007098207329218507
Landroid/support/v4/widget/DrawerLayout$SavedState;-><init>(Landroid/os/Parcel;)V,0.0007009270449081979
Landroid/view/GestureDetector;->onTouchEvent(Landroid/view/MotionEvent;)Z,0.0006994147418627373
Landroid/media/MediaPlayer;->release()V,0.0006983609713367038
Landroid/media/AudioTrack;->play()V,0.0006968471489608598
Landroid/widget/Button;-><init>(Landroid/content/Context;)V,0.0006965908898101723
Landroid/text/SpannableStringBuilder;-><init>()V,0.0006938458963198897
Landroid/app/Fragment;->onStart()V,0.0006885817696520646
Landroid/app/AlertDialog$Builder;->setMessage(I)Landroid/app/AlertDialog$Builder;,0.0006885211521715708
Landroid/view/View;->setFocusable(Z)V,0.0006871553255036135
Landroid/os/Messenger;->send(Landroid/os/Message;)V,0.000682981991388797
Landroid/webkit/WebView;->setLayoutParams(Landroid/view/ViewGroup$LayoutParams;)V,0.0006816484921383213
Landroid/widget/MediaController;-><init>(Landroid/content/Context;)V,0.000680450189418859
Landroid/content/res/Resources;->getBoolean(I)Z,0.0006756099138868577
Landroid/widget/ImageView;->setVisibility(I)V,0.0006731965506892898
Landroid/view/ViewOverlay;->remove(Landroid/graphics/drawable/Drawable;)V,0.0006725527352680322
Landroid/os/ParcelFileDescriptor$AutoCloseInputStream;->close()V,0.0006721835962451774
Landroid/app/Activity;->onOptionsItemSelected(Landroid/view/MenuItem;)Z,0.0006701280822061178
Landroid/webkit/WebView;->clearView()V,0.0006699663798506979
Landroid/support/v4/media/session/MediaControllerCompat;->getQueue()Ljava/util/List;,0.0006665879206974951
Landroid/webkit/WebView;->copyBackForwardList()Landroid/webkit/WebBackForwardList;,0.0006647175480025989
Landroid/webkit/WebView;->pageUp(Z)Z,0.000662402600320898
Landroid/webkit/WebView;->getUrl()Ljava/lang/String;,0.0006604263429950803
Landroid/widget/MediaController;->setAnchorView(Landroid/view/View;)V,0.0006544325084017332
Landroid/view/Window;->setFormat(I)V,0.0006521753508460341
Landroid/view/View;->setBackgroundColor(I)V,0.0006516605464980921
Landroid/graphics/drawable/StateListDrawable;-><init>()V,0.000646383170929953
Landroid/webkit/WebView;->reload()V,0.0006459857793381081
Landroid/widget/RemoteViews;->clone()Landroid/widget/RemoteViews;,0.0006423691010434131
Landroid/view/View;->setClipToOutline(Z)V,0.0006406721313698523
Landroid/view/View;->setScrollBarStyle(I)V,0.0006396138677898823
Landroid/os/Environment;->getExternalStoragePublicDirectory(Ljava/lang/String;)Ljava/io/File;,0.0006393507210579117
Landroid/app/ProgressDialog;->setIndeterminate(Z)V,0.0006383063440345311
Landroid/telephony/TelephonyManager;->getPhoneType()I,0.000637362824538234
Landroid/view/View;->setOnLongClickListener(Landroid/view/View$OnLongClickListener;)V,0.0006372077209447714
Landroid/widget/MediaController;->onTouchEvent(Landroid/view/MotionEvent;)Z,0.000635838743847469
Landroid/webkit/CookieSyncManager;->sync()V,0.0006353989868173031
Landroid/support/v4/app/FragmentActivity;-><init>()V,0.0006295991463783164
Landroid/location/LocationManager;->getProvider(Ljava/lang/String;)Landroid/location/LocationProvider;,0.0006230636838476868
Landroid/bluetooth/BluetoothAdapter;->getAddress()Ljava/lang/String;,0.0006215055502279386
Landroid/os/Bundle;->getSerializable(Ljava/lang/String;)Ljava/io/Serializable;,0.0006211339404466312
Landroid/media/AudioRecord;->startRecording()V,0.0006189638084094164
Landroid/webkit/WebView;->canGoForward()Z,0.0006168823271535525
Landroid/app/Activity;->dispatchKeyEvent(Landroid/view/KeyEvent;)Z,0.0006140044955119878
Landroid/view/View;->setBackgroundResource(I)V,0.0006118832810179112
Landroid/view/ViewStub;->inflate()Landroid/view/View;,0.0006117313593515521
Landroid/view/Window;->setType(I)V,0.0006109547699021237
Landroid/content/res/Resources;->getDimension(I)F,0.0006065344026795405
Landroid/app/ProgressDialog;->setProgress(I)V,0.0006025694443646873
Landroid/view/SurfaceView;-><init>(Landroid/content/Context;)V,0.0005999230539953823
Landroid/webkit/WebView;->stopLoading()V,0.0005995427292102704
Landroid/widget/AutoCompleteTextView;->setDropDownBackgroundResource(I)V,0.0005988569578553294
Landroid/support/v7/widget/ListPopupWindow$ForwardingListener;-><init>(Landroid/view/View;)V,0.0005978407801370835
Landroid/net/ConnectivityManager;->getActiveNetworkInfo()Landroid/net/NetworkInfo;,0.0005977558019637696
Landroid/app/Activity;->onTouchEvent(Landroid/view/MotionEvent;)Z,0.0005900211124735278
Landroid/app/Activity;->finishFromChild(Landroid/app/Activity;)V,0.0005894627232541199
Landroid/net/wifi/WifiManager;->isScanAlwaysAvailable()Z,0.0005866545939245839
Landroid/app/Dialog;->findViewById(I)Landroid/view/View;,0.0005857689285268732
Landroid/view/ScaleGestureDetector;->onTouchEvent(Landroid/view/MotionEvent;)Z,0.0005846064104501699
Landroid/view/View;->buildDrawingCache(Z)V,0.0005830570248086661
Landroid/app/DownloadManager;->enqueue(Landroid/app/DownloadManager$Request;)J,0.0005828664772801679
Landroid/support/v4/view/ViewPager;->setAdapter(Landroid/support/v4/view/PagerAdapter;)V,0.0005824769836672674
Landroid/app/Activity;->setRequestedOrientation(I)V,0.0005803028163813511
Landroid/widget/BaseAdapter;->notifyDataSetChanged()V,0.0005787230954862847
Landroid/widget/MediaController;->show()V,0.000576409159476869
Landroid/view/Window;->setWindowAnimations(I)V,0.0005724891686505814
Landroid/os/Vibrator;->vibrate(J)V,0.0005708427649504882
Landroid/app/Dialog;->dispatchKeyEvent(Landroid/view/KeyEvent;)Z,0.0005695416993810082
Landroid/location/LocationManager;->isProviderEnabled(Ljava/lang/String;)Z,0.0005694122952944203
Landroid/animation/ValueAnimator;->start()V,0.000568625462619385
Landroid/telephony/SmsManager;->divideMessage(Ljava/lang/String;)Ljava/util/ArrayList;,0.0005604886126942374
Landroid/content/ContentResolver;->unregisterContentObserver(Landroid/database/ContentObserver;)V,0.0005599701518423531
Landroid/app/ActivityManager;->restartPackage(Ljava/lang/String;)V,0.0005565886380688934
Landroid/text/SpannableString;-><init>(Ljava/lang/CharSequence;)V,0.0005555020073175938
Landroid/support/v4/view/ViewPager;->removeView(Landroid/view/View;)V,0.0005553722495313695
Landroid/webkit/WebView;->findAddress(Ljava/lang/String;)Ljava/lang/String;,0.0005539481755208054
Landroid/location/LocationManager;->addNmeaListener(Landroid/location/GpsStatus$NmeaListener;)Z,0.0005514282470493078
Landroid/app/Dialog;->requestWindowFeature(I)Z,0.0005511705949225048
Landroid/content/res/Resources;->getDimensionPixelOffset(I)I,0.0005511243712225775
Landroid/view/View;->setLayoutDirection(I)V,0.0005498791169484478
Landroid/os/UserManager;->isUserRunning(Landroid/os/UserHandle;)Z,0.000549228752920725
Landroid/app/ListActivity;-><init>()V,0.0005465146247204875
Landroid/view/Display;->getRealSize(Landroid/graphics/Point;)V,0.0005461664276091951
Landroid/os/PowerManager$WakeLock;->release()V,0.0005430653382002572
Landroid/view/GestureDetector;-><init>(Landroid/view/GestureDetector$OnGestureListener;)V,0.0005406352711789295
Landroid/view/View;->dispatchGenericMotionEvent(Landroid/view/MotionEvent;)Z,0.0005405702624124237
Landroid/appwidget/AppWidgetManager;->getInstance(Landroid/content/Context;)Landroid/appwidget/AppWidgetManager;,0.0005401280543829363
Landroid/view/View;->setFocusableInTouchMode(Z)V,0.0005383406784331447
Landroid/widget/Spinner;->performClick()Z,0.0005372343386240651
Landroid/support/v4/view/ViewCompat;->postInvalidateOnAnimation(Landroid/view/View;)V,0.0005360688221073829
Landroid/text/Selection;->removeSelection(Landroid/text/Spannable;)V,0.0005338998241473705
Landroid/view/View;->setOnClickListener(Landroid/view/View$OnClickListener;)V,0.0005336437408307369
Landroid/graphics/drawable/Drawable;->getMinimumHeight()I,0.0005320222718426527
Landroid/content/ContentResolver;->openOutputStream(Landroid/net/Uri;)Ljava/io/OutputStream;,0.0005300827121024382
Landroid/graphics/drawable/GradientDrawable;-><init>()V,0.0005260774152884692
Landroid/webkit/WebView;->getTitle()Ljava/lang/String;,0.000525724908423444
Landroid/telephony/TelephonyManager;->getSimOperatorName()Ljava/lang/String;,0.0005250632117634236
Landroid/app/Dialog;->setContentView(I)V,0.0005233242478143945
Landroid/telephony/TelephonyManager;->getNetworkCountryIso()Ljava/lang/String;,0.0005222569691508302
Landroid/media/AudioManager;->playSoundEffect(I)V,0.000521841852443176
Landroid/content/ContextWrapper;->setTheme(I)V,0.0005217598567140501
Landroid/content/Intent;->resolveActivity(Landroid/content/pm/PackageManager;)Landroid/content/ComponentName;,0.0005215138817453601
Landroid/app/Activity;->onPrepareOptionsMenu(Landroid/view/Menu;)Z,0.0005214823848774279
Landroid/webkit/WebView;->zoomIn()Z,0.0005179393133014821
Landroid/support/v4/app/FragmentActivity;->supportFinishAfterTransition()V,0.0005166296623887027
Landroid/content/ContentResolver;->acquireContentProviderClient(Landroid/net/Uri;)Landroid/content/ContentProviderClient;,0.0005166238548492392
Landroid/text/Html;->fromHtml(Ljava/lang/String;)Landroid/text/Spanned;,0.000515412009045143
Landroid/support/v4/app/DialogFragment;->onDestroyView()V,0.0005130345643922751
Landroid/content/Context;->getText(I)Ljava/lang/CharSequence;,0.0005079157110636657
Landroid/app/ProgressDialog;->setMax(I)V,0.000507663888231119
Landroid/support/v4/view/MenuItemCompat;->expandActionView(Landroid/view/MenuItem;)Z,0.0005074245786838158
Landroid/support/v4/app/NotificationCompat$Builder;->build()Landroid/app/Notification;,0.0005072219038646647
Landroid/widget/ArrayAdapter;->notifyDataSetChanged()V,0.0005060518179472719
Landroid/widget/PopupWindow;->showAsDropDown(Landroid/view/View;)V,0.0005054654383739514
Landroid/media/Ringtone;->play()V,0.0005026074258073777
Landroid/view/View;->setAlpha(F)V,0.0004973421187119508
Landroid/app/ActivityManager;->getMemoryInfo(Landroid/app/ActivityManager$MemoryInfo;)V,0.0004970520356562219
Landroid/view/TextureView;-><init>(Landroid/content/Context;)V,0.0004964863218122551
Landroid/os/Bundle;->getFloat(Ljava/lang/String;)F,0.0004947603390033923
Landroid/graphics/drawable/ColorDrawable;-><init>(I)V,0.0004938109112413578
Landroid/view/View;->setDrawingCacheQuality(I)V,0.0004931360283822306
Landroid/content/ContextWrapper;->unregisterReceiver(Landroid/content/BroadcastReceiver;)V,0.0004927267177360426
Landroid/view/View;->setPivotX(F)V,0.0004927098028889186
Landroid/app/Activity;->finishAfterTransition()V,0.0004926102865869298
Landroid/view/View;->setLayerPaint(Landroid/graphics/Paint;)V,0.000491735350139171
Landroid/net/wifi/WifiManager;->addNetwork(Landroid/net/wifi/WifiConfiguration;)I,0.0004907300850469024
Landroid/webkit/WebView;->goForward()V,0.0004904402951574222
Landroid/view/View;->setSelected(Z)V,0.00048670919647260895
Landroid/view/View;->buildDrawingCache()V,0.0004866082732354462
Landroid/widget/EditText;->setSelection(I)V,0.000485690700295719
Landroid/app/Activity;->openOptionsMenu()V,0.0004831607957608719
Landroid/content/Intent;->getSerializableExtra(Ljava/lang/String;)Ljava/io/Serializable;,0.00048207238222889296
Landroid/text/format/DateFormat;->getTimeFormat(Landroid/content/Context;)Ljava/text/DateFormat;,0.0004797830473966531
Landroid/support/v7/internal/view/menu/ListMenuItemView;->setIcon(Landroid/graphics/drawable/Drawable;)V,0.00047903035574045855
Landroid/widget/HorizontalScrollView;-><init>(Landroid/content/Context;)V,0.0004786119527242918
Landroid/app/Instrumentation;->callApplicationOnCreate(Landroid/app/Application;)V,0.00047843599099439986
Landroid/app/Dialog;->setTitle(Ljava/lang/CharSequence;)V,0.00047557058234938
Landroid/widget/TextView;->setHorizontallyScrolling(Z)V,0.0004755438358789324
Landroid/content/res/Resources;->getDimensionPixelSize(I)I,0.0004740484426329001
Landroid/widget/ToggleButton;->setChecked(Z)V,0.0004734030097289443
Landroid/app/ActivityManager;->getDeviceConfigurationInfo()Landroid/content/pm/ConfigurationInfo;,0.000473104743604537
Landroid/view/View;-><init>(Landroid/content/Context;)V,0.00047197931067834435
Landroid/content/pm/ResolveInfo;->loadLabel(Landroid/content/pm/PackageManager;)Ljava/lang/CharSequence;,0.0004705303368416354
Landroid/widget/ArrayAdapter;->add(Ljava/lang/Object;)V,0.0004704015217732968
Landroid/view/inputmethod/InputMethodManager;->restartInput(Landroid/view/View;)V,0.00046972669650795635
Landroid/view/View;->performClick()Z,0.00046849714509043154
Landroid/widget/GridView;->setAdapter(Landroid/widget/ListAdapter;)V,0.0004670444908015768
Landroid/widget/TextView;->setMovementMethod(Landroid/text/method/MovementMethod;)V,0.00046690673341172697
Landroid/webkit/WebView;->restoreState(Landroid/os/Bundle;)Landroid/webkit/WebBackForwardList;,0.0004662331786783655
Landroid/widget/Toast;-><init>(Landroid/content/Context;)V,0.0004654979974277627
Landroid/database/sqlite/SQLiteDatabase;->compileStatement(Ljava/lang/String;)Landroid/database/sqlite/SQLiteStatement;,0.00046516645223180434
Landroid/view/View;->setVerticalScrollBarEnabled(Z)V,0.00046217733212827283
Landroid/view/Display;->getRefreshRate()F,0.00046128116995664665
Landroid/widget/EditText;->selectAll()V,0.00046028874461641003
Landroid/view/View;->setSaveFromParentEnabled(Z)V,0.0004596578803454588
Landroid/bluetooth/BluetoothAdapter;->getDefaultAdapter()Landroid/bluetooth/BluetoothAdapter;,0.00045951985495140506
Landroid/widget/FrameLayout;->setVisibility(I)V,0.00045665741755817837
Landroid/animation/ObjectAnimator;->start()V,0.0004563720499022242
Landroid/webkit/WebView;->clearCache(Z)V,0.0004534991309187781
Landroid/view/View;->setScaleX(F)V,0.00045293332820158373
Landroid/app/Service;->stopForeground(Z)V,0.00045287764699244624
Landroid/content/Intent;->getIntegerArrayListExtra(Ljava/lang/String;)Ljava/util/ArrayList;,0.00045277179840042583
Landroid/gesture/GestureOverlayView;-><init>(Landroid/content/Context;)V,0.00045022529052381974
Landroid/widget/PopupWindow;->setContentView(Landroid/view/View;)V,0.0004494876551043119
Landroid/support/v4/app/FragmentActivity;->onConfigurationChanged(Landroid/content/res/Configuration;)V,0.00044616909069507645
Landroid/widget/ListView;->setDivider(Landroid/graphics/drawable/Drawable;)V,0.0004442559805952025
Landroid/widget/ListView;->setAdapter(Landroid/widget/ListAdapter;)V,0.0004438643576180776
Landroid/app/KeyguardManager;->isKeyguardSecure()Z,0.0004432168411898449
Landroid/view/Window;->setGravity(I)V,0.00044290498982743447
Landroid/widget/ArrayAdapter;->clear()V,0.00044221357935876225
Landroid/support/v4/content/Loader;->deliverResult(Ljava/lang/Object;)V,0.00044066238548444545
Landroid/accounts/AccountManager;->getAccounts()[Landroid/accounts/Account;,0.00044042843608155496
Landroid/net/wifi/WifiManager;->getDhcpInfo()Landroid/net/DhcpInfo;,0.00043914366742279045
Landroid/support/v7/app/ActionBarActivity;-><init>()V,0.0004350871458796045
Landroid/app/NotificationManager;->cancelAll()V,0.00043477384218272753
Landroid/widget/ImageView;->setImageDrawable(Landroid/graphics/drawable/Drawable;)V,0.0004344304189973287
Landroid/app/Activity;->getActionBar()Landroid/app/ActionBar;,0.00043432189072527044
Landroid/view/KeyEvent;->getUnicodeChar(I)I,0.0004324558660337727
Landroid/preference/PreferenceManager;->getSharedPreferences()Landroid/content/SharedPreferences;,0.0004318839825141155
Landroid/widget/ViewFlipper;-><init>(Landroid/content/Context;)V,0.00043146251197707903
Landroid/view/inputmethod/InputMethodInfo;->loadLabel(Landroid/content/pm/PackageManager;)Ljava/lang/CharSequence;,0.0004307738724613563
Landroid/widget/TextView;->onCreateInputConnection(Landroid/view/inputmethod/EditorInfo;)Landroid/view/inputmethod/InputConnection;,0.0004302861410403854
Landroid/widget/SearchView;->onActionViewCollapsed()V,0.00042945306681450813
Landroid/app/Fragment;->onDestroy()V,0.00042886599385618713
Landroid/view/SurfaceView;->setVisibility(I)V,0.0004266226844720133
Landroid/view/Window;->addFlags(I)V,0.00042287325612034036
Landroid/app/Dialog;->setContentView(Landroid/view/View;)V,0.00042174822960468027
Landroid/app/Activity;->startPostponedEnterTransition()V,0.00042130193429725524
Landroid/content/ClipboardManager;->setPrimaryClip(Landroid/content/ClipData;)V,0.000420699696397929
Landroid/app/ActivityManager;->getProcessesInErrorState()Ljava/util/List;,0.0004206969642487817
Landroid/view/View;->getWindowVisibleDisplayFrame(Landroid/graphics/Rect;)V,0.00042066229954467295
Landroid/service/media/MediaBrowserService;-><init>()V,0.00041984703079273907
Landroid/graphics/drawable/Drawable;->getMinimumWidth()I,0.0004168104608122894
Landroid/support/v4/app/DialogFragment;->onSaveInstanceState(Landroid/os/Bundle;)V,0.0004153581393283574
Landroid/support/v4/view/ViewPager;-><init>(Landroid/content/Context;)V,0.00041477952220437967
Landroid/widget/VideoView;->setVideoURI(Landroid/net/Uri;)V,0.00041470239998436814
Landroid/widget/PopupWindow;->dismiss()V,0.00041436711984491455
Landroid/accounts/AccountManager;->getAccountsByType(Ljava/lang/String;)[Landroid/accounts/Account;,0.0004133361589493083
Landroid/support/v4/view/ViewPager;->setOffscreenPageLimit(I)V,0.000413094934313515
Landroid/app/PendingIntent;->send()V,0.00041299061837032783
Landroid/hardware/Camera;->open()Landroid/hardware/Camera;,0.000412531286189201
Landroid/database/sqlite/SQLiteDatabase;->getVersion()I,0.00041234356847172983
Landroid/webkit/WebView;->setBackgroundColor(I)V,0.00041167578592803117
Landroid/app/Presentation;->show()V,0.00041015854005685014
Landroid/app/Instrumentation;->sendKeyDownUpSync(I)V,0.0004094610149404993
Landroid/bluetooth/BluetoothAdapter;->isEnabled()Z,0.0004065602112742652
Landroid/net/ConnectivityManager;->unregisterNetworkCallback(Landroid/net/ConnectivityManager$NetworkCallback;)V,0.00040650170585117295
Landroid/database/sqlite/SQLiteStatement;->simpleQueryForLong()J,0.0004064910889751149
Landroid/app/Notification$Builder;-><init>(Landroid/content/Context;)V,0.00040489882995447916
Landroid/os/Bundle;->getCharSequenceArray(Ljava/lang/String;)[Ljava/lang/CharSequence;,0.00040453825843307406
Landroid/media/MediaPlayer;->reset()V,0.0004018662921022391
Landroid/widget/ScrollView;->fullScroll(I)Z,0.00039842648440767875
Landroid/media/MediaScannerConnection;->disconnect()V,0.00039836433915757785
Landroid/text/SpannableStringBuilder;->append(Ljava/lang/CharSequence;)Landroid/text/SpannableStringBuilder;,0.0003980100183289325
Landroid/view/accessibility/AccessibilityManager;->sendAccessibilityEvent(Landroid/view/accessibility/AccessibilityEvent;)V,0.0003976690929062668
Landroid/view/ViewPropertyAnimator;->scaleY(F)Landroid/view/ViewPropertyAnimator;,0.0003942482212389592
Landroid/widget/TextView;->setSingleLine(Z)V,0.00039071026642132305
Landroid/os/Bundle;->clear()V,0.00038725053911351843
Landroid/view/View;->setRotationY(F)V,0.00038704231098885775
Landroid/webkit/WebView;->getContentHeight()I,0.0003869772325610499
Landroid/graphics/drawable/LayerDrawable;-><init>([Landroid/graphics/drawable/Drawable;)V,0.0003848995432834565
Landroid/view/View;->getPaddingRight()I,0.00038393121681380954
Landroid/widget/TextView;->setSelected(Z)V,0.0003834275227485716
Landroid/webkit/WebView;->goBackOrForward(I)V,0.000382600405360853
Landroid/app/DialogFragment;->onCreate(Landroid/os/Bundle;)V,0.0003824545915207844
Landroid/os/Bundle;->getIntegerArrayList(Ljava/lang/String;)Ljava/util/ArrayList;,0.000379462270212037
Landroid/telephony/CellLocation;->requestLocationUpdate()V,0.00037872439290771145
Landroid/text/SpannableStringBuilder;-><init>(Ljava/lang/CharSequence;)V,0.00037866152797768357
Landroid/app/Activity;->setTitle(Ljava/lang/CharSequence;)V,0.00037837034788718
Landroid/widget/SearchView;->setQueryHint(Ljava/lang/CharSequence;)V,0.0003775461646153667
Landroid/media/MediaRouter;->removeUserRoute(Landroid/media/MediaRouter$UserRouteInfo;)V,0.000377351764762567
Landroid/widget/PopupWindow;-><init>(Landroid/content/Context;)V,0.00037638658440654923
Landroid/media/MediaPlayer;->getTrackInfo()[Landroid/media/MediaPlayer$TrackInfo;,0.00037617379428679545
Landroid/app/PendingIntent;->cancel()V,0.0003748476922364414
Landroid/app/Instrumentation;->callActivityOnResume(Landroid/app/Activity;)V,0.00037346453763628077
Landroid/text/format/DateFormat;->getDateFormat(Landroid/content/Context;)Ljava/text/DateFormat;,0.0003734302115689377
Landroid/animation/AnimatorSet;->start()V,0.0003731907916331784
Landroid/support/v7/widget/SearchView;->setQueryHint(Ljava/lang/CharSequence;)V,0.0003720573016650006
Landroid/content/Intent;->resolveTypeIfNeeded(Landroid/content/ContentResolver;)Ljava/lang/String;,0.0003715932624325711
Landroid/appwidget/AppWidgetManager;->getAppWidgetIds(Landroid/content/ComponentName;)[I,0.00037120308808630904
Landroid/view/Window;->setBackgroundDrawableResource(I)V,0.000369164622087393
Landroid/support/v4/widget/EdgeEffectCompat;-><init>(Landroid/content/Context;)V,0.00036817676074469224
Landroid/view/View;->setClickable(Z)V,0.0003681020710007817
Landroid/os/PowerManager$WakeLock;->acquire(J)V,0.00036686783732183334
Landroid/content/res/Resources;->openRawResourceFd(I)Landroid/content/res/AssetFileDescriptor;,0.0003654325754115085
Landroid/animation/ValueAnimator;->cancel()V,0.00036457207393699473
Landroid/widget/AutoCompleteTextView;-><init>(Landroid/content/Context;)V,0.0003622194712432002
Landroid/app/Activity;->getCallingPackage()Ljava/lang/String;,0.000360171484526951
Landroid/app/Instrumentation;->callActivityOnRestart(Landroid/app/Activity;)V,0.0003592313837488454
Landroid/content/ContextWrapper;->getPackageManager()Landroid/content/pm/PackageManager;,0.00035902238146258723
Landroid/app/KeyguardManager;->isKeyguardLocked()Z,0.00035895341070404127
Landroid/view/ViewPropertyAnimator;->translationZ(F)Landroid/view/ViewPropertyAnimator;,0.0003579587875991303
Landroid/content/ClipboardManager;->getPrimaryClip()Landroid/content/ClipData;,0.0003571850462747984
Landroid/app/Activity;->isTaskRoot()Z,0.0003536620588707929
Landroid/widget/TextView;->setEnabled(Z)V,0.00035364300022537744
Landroid/os/Parcel;->readValue(Ljava/lang/ClassLoader;)Ljava/lang/Object;,0.00035160487828523663
Landroid/widget/TextView;->setTransformationMethod(Landroid/text/method/TransformationMethod;)V,0.0003498352170531234
Landroid/widget/PopupMenu;->show()V,0.0003492896221062539
Landroid/support/v4/widget/ExploreByTouchHelper;->invalidateVirtualView(I)V,0.0003486244549199658
Landroid/webkit/WebView;->onGenericMotionEvent(Landroid/view/MotionEvent;)Z,0.0003459565367430814
Landroid/support/v4/app/Fragment;->setUserVisibleHint(Z)V,0.0003457804519073009
Landroid/location/LocationManager;->getProviders(Z)Ljava/util/List;,0.000344322450099168
Landroid/view/KeyEvent;->dispatch(Landroid/view/KeyEvent$Callback;)Z,0.0003420485729043931
Landroid/widget/ListView;-><init>(Landroid/content/Context;)V,0.0003414937253467401
Landroid/view/View;->performHapticFeedback(I)Z,0.00034085807604543404
Landroid/widget/SeekBar;-><init>(Landroid/content/Context;)V,0.0003396266927739145
Landroid/text/format/DateFormat;->is24HourFormat(Landroid/content/Context;)Z,0.00033875319167094546
Landroid/media/Ringtone;->isPlaying()Z,0.0003386061448923773
Landroid/widget/ImageView;->setImageURI(Landroid/net/Uri;)V,0.00033627171663695547
Landroid/speech/tts/TextToSpeech;->getFeatures(Ljava/util/Locale;)Ljava/util/Set;,0.00033626733029320404
Landroid/support/v7/widget/RecyclerView;->onTouchEvent(Landroid/view/MotionEvent;)Z,0.0003355865002126724
Landroid/app/KeyguardManager;->newKeyguardLock(Ljava/lang/String;)Landroid/app/KeyguardManager$KeyguardLock;,0.0003351291791907704
Landroid/webkit/WebView;->computeScroll()V,0.0003341527408297428
Landroid/app/NativeActivity;->onWindowFocusChanged(Z)V,0.00033347997329921187
Landroid/widget/ImageView;->setImageMatrix(Landroid/graphics/Matrix;)V,0.0003320756522026555
Landroid/app/DownloadManager;->query(Landroid/app/DownloadManager$Query;)Landroid/database/Cursor;,0.0003318624421932378
Landroid/support/v4/app/FragmentActivity;->onBackPressed()V,0.000331248211529378
Landroid/widget/TableLayout;-><init>(Landroid/content/Context;)V,0.0003286698574089099
Landroid/widget/TextView;->setAllCaps(Z)V,0.0003275777125302184
Landroid/view/accessibility/AccessibilityNodeInfo;->focusSearch(I)Landroid/view/accessibility/AccessibilityNodeInfo;,0.00032723522011553435
Landroid/media/AudioManager;->getStreamMaxVolume(I)I,0.0003266778941197785
Landroid/webkit/WebView;->setInitialScale(I)V,0.00032644527558588514
Landroid/graphics/drawable/DrawableContainer$DrawableContainerState;->getChildren()[Landroid/graphics/drawable/Drawable;,0.00032628187594691883
Landroid/support/v4/widget/SwipeRefreshLayout;->setColorSchemeResources([I)V,0.00032602280137353023
Landroid/media/browse/MediaBrowser;->unsubscribe(Ljava/lang/String;)V,0.0003256980897541573
Landroid/widget/ImageView;->clearColorFilter()V,0.00032516032683595756
Landroid/text/SpannableString;->valueOf(Ljava/lang/CharSequence;)Landroid/text/SpannableString;,0.0003241053244924422
Landroid/widget/TextView;->setPaintFlags(I)V,0.0003224022111680812
Landroid/widget/CheckBox;-><init>(Landroid/content/Context;)V,0.0003209485770998745
Landroid/app/UiModeManager;->getCurrentModeType()I,0.00031997288130473754
Landroid/support/v4/app/Fragment;->onDestroy()V,0.000319670339301014
Landroid/database/sqlite/SQLiteDatabase;->setMaximumSize(J)J,0.0003191768822050744
Landroid/widget/ListView;->addFooterView(Landroid/view/View;)V,0.00031880665421340766
Landroid/app/Dialog;->dismiss()V,0.0003187173117713801
Landroid/widget/AutoCompleteTextView;->onWindowFocusChanged(Z)V,0.0003170909937679935
Landroid/media/AudioTrack;->setVolume(F)I,0.0003156865325944921
Landroid/webkit/WebView;->canGoBackOrForward(I)Z,0.0003147861942187713
Landroid/content/ContextWrapper;->getSystemService(Ljava/lang/String;)Ljava/lang/Object;,0.00031442022358838743
Landroid/speech/tts/TextToSpeech;->setLanguage(Ljava/util/Locale;)I,0.0003144133354885585
Landroid/view/View;->setActivated(Z)V,0.00031257622206991645
Landroid/support/v7/widget/SearchView;->setIconified(Z)V,0.0003119644899549645
Landroid/content/Intent;->getStringArrayListExtra(Ljava/lang/String;)Ljava/util/ArrayList;,0.00031192457379257914
Landroid/graphics/drawable/BitmapDrawable;-><init>(Ljava/io/InputStream;)V,0.00031092476629056217
Landroid/webkit/WebView;->setNetworkAvailable(Z)V,0.0003105635665401184
Landroid/widget/Switch;->setChecked(Z)V,0.0003104783824881478
Landroid/view/ViewGroup;->dispatchKeyEvent(Landroid/view/KeyEvent;)Z,0.00031008842334967636
Landroid/net/wifi/WifiManager$WifiLock;->acquire()V,0.0003100535706357911
Landroid/webkit/WebView;->saveState(Landroid/os/Bundle;)Landroid/webkit/WebBackForwardList;,0.0003095568982037219
Landroid/support/v7/widget/RecyclerView;->setAdapter(Landroid/support/v7/widget/RecyclerView$Adapter;)V,0.00030927096015674475
Landroid/view/View;->getPaddingLeft()I,0.0003085796179595036
Landroid/support/v7/internal/view/menu/MenuItemImpl;->setIcon(I)Landroid/view/MenuItem;,0.0003071986694082137
Landroid/app/Activity;->dispatchTrackballEvent(Landroid/view/MotionEvent;)Z,0.0003071267134388276
Landroid/view/View;->hasFocusable()Z,0.00030575427235107815
Landroid/content/res/Resources;->getAnimation(I)Landroid/content/res/XmlResourceParser;,0.00030546636664585935
Landroid/view/KeyEvent;->getUnicodeChar()I,0.0003051150072558939
Landroid/support/v4/widget/SwipeRefreshLayout;->setProgressBackgroundColorSchemeResource(I)V,0.00030448934168721446
Landroid/support/v4/app/TaskStackBuilder;->startActivities(Landroid/os/Bundle;)V,0.00030439777360508785
Landroid/view/View;->setSaveEnabled(Z)V,0.00030431670606651787
Landroid/widget/ImageView;->setSelected(Z)V,0.0003023102436557355
Landroid/webkit/WebIconDatabase;->getInstance()Landroid/webkit/WebIconDatabase;,0.00030200147512199284
Landroid/graphics/drawable/InsetDrawable;->draw(Landroid/graphics/Canvas;)V,0.0003019625691959817
Landroid/content/res/TypedArray;->getColorStateList(I)Landroid/content/res/ColorStateList;,0.0003013643904590642
Landroid/graphics/drawable/Drawable;->clearColorFilter()V,0.0003003808013287076
Landroid/view/View;->setOnCreateContextMenuListener(Landroid/view/View$OnCreateContextMenuListener;)V,0.0002997255866311846
Landroid/media/AudioManager;->unregisterRemoteControlClient(Landroid/media/RemoteControlClient;)V,0.0002987739387879778
Landroid/app/Activity;->getCallingActivity()Landroid/content/ComponentName;,0.0002978111749910084
Landroid/support/v4/view/ViewPager;->setCurrentItem(I)V,0.00029738862876468793
Landroid/accessibilityservice/AccessibilityService;-><init>()V,0.00029611380776211607
Landroid/support/v4/view/ViewPager;->onTouchEvent(Landroid/view/MotionEvent;)Z,0.000293965455884994
Landroid/view/View;->invalidate(Landroid/graphics/Rect;)V,0.0002937495276935
Landroid/view/View;->requestFocusFromTouch()Z,0.0002936906671542518
Landroid/hardware/input/InputManager;->getInputDeviceIds()[I,0.00029353385047936544
Landroid/graphics/drawable/DrawableContainer$DrawableContainerState;->getChild(I)Landroid/graphics/drawable/Drawable;,0.00029333498050879527
Landroid/support/v7/widget/LinearLayoutCompat;-><init>(Landroid/content/Context;)V,0.00029328400354351937
Landroid/webkit/WebView;->setOverScrollMode(I)V,0.00029294967486509624
Landroid/webkit/WebViewDatabase;->getInstance(Landroid/content/Context;)Landroid/webkit/WebViewDatabase;,0.000292934862132438
Landroid/database/DataSetObservable;->notifyChanged()V,0.0002929274225103866
Landroid/content/res/TypedArray;->peekValue(I)Landroid/util/TypedValue;,0.00029086661921592564
Landroid/os/PowerManager;->isPowerSaveMode()Z,0.00029055207433743954
Landroid/view/View;->draw(Landroid/graphics/Canvas;)V,0.0002889482941623075
Landroid/app/Activity;->dispatchTouchEvent(Landroid/view/MotionEvent;)Z,0.0002886342473887141
Landroid/widget/TextView;->append(Ljava/lang/CharSequence;)V,0.0002869588256193267
Landroid/location/Geocoder;-><init>(Landroid/content/Context;)V,0.0002849076889953814
Landroid/telephony/SmsMessage;->createFromPdu([B)Landroid/telephony/SmsMessage;,0.00028487830794904286
Landroid/widget/FrameLayout;->draw(Landroid/graphics/Canvas;)V,0.00028483821199300414
Landroid/database/sqlite/SQLiteStatement;->execute()V,0.00028475000411902815
Landroid/app/WallpaperManager;->setBitmap(Landroid/graphics/Bitmap;)V,0.0002845284053488412
Landroid/view/View;->setScrollX(I)V,0.0002840939627699568
Landroid/support/v4/view/GestureDetectorCompat;->onTouchEvent(Landroid/view/MotionEvent;)Z,0.0002840589219111922
Landroid/support/v4/app/NotificationCompatApi20$Builder;->build()Landroid/app/Notification;,0.00028381721791892933
Landroid/hardware/camera2/CameraManager;->getCameraCharacteristics(Ljava/lang/String;)Landroid/hardware/camera2/CameraCharacteristics;,0.000283776113034521
Landroid/view/View;->setOutlineProvider(Landroid/view/ViewOutlineProvider;)V,0.000283300541352783
Landroid/support/v4/view/ViewPager;->arrowScroll(I)Z,0.00028288602482831013
Landroid/widget/TabHost;->addTab(Landroid/widget/TabHost$TabSpec;)V,0.00028252179634194246
Landroid/support/v4/app/DialogFragment;->dismiss()V,0.0002818649470694901
Landroid/support/v7/app/ActionBarActivity;->getSupportActionBar()Landroid/support/v7/app/ActionBar;,0.00028133502039451265
Landroid/media/session/MediaSession$Callback;->onMediaButtonEvent(Landroid/content/Intent;)Z,0.0002810432984164959
Landroid/support/v4/view/ViewPager;->onInterceptTouchEvent(Landroid/view/MotionEvent;)Z,0.0002803070333228385
Landroid/preference/PreferenceCategory;-><init>(Landroid/content/Context;)V,0.0002798538602348632
Landroid/widget/TableRow;-><init>(Landroid/content/Context;)V,0.00027979555317693763
Landroid/view/InputDevice;->getDevice(I)Landroid/view/InputDevice;,0.00027970668918598634
Landroid/app/Activity;->onSearchRequested()Z,0.00027850445478885767
Landroid/os/Bundle;->getFloatArray(Ljava/lang/String;)[F,0.0002764771243478567
Landroid/widget/ListView;->smoothScrollToPosition(I)V,0.00027603280862349336
Landroid/support/v4/app/INotificationSideChannel$Stub;-><init>()V,0.00027450420851022933
Landroid/widget/ExpandableListView;->setAdapter(Landroid/widget/ExpandableListAdapter;)V,0.0002728670554649376
Landroid/support/v4/app/NotificationCompatApi21$Builder;->build()Landroid/app/Notification;,0.00027248005523447505
Landroid/view/View;->onStartTemporaryDetach()V,0.0002722631197326127
Landroid/widget/MediaController;->show(I)V,0.00027142046025640013
Landroid/app/Instrumentation;->callActivityOnDestroy(Landroid/app/Activity;)V,0.00027114402159232186
Landroid/widget/AbsListView;->setOnScrollListener(Landroid/widget/AbsListView$OnScrollListener;)V,0.00026976651986842745
Landroid/widget/TabWidget;-><init>(Landroid/content/Context;)V,0.00026954638174495467
Landroid/support/v4/view/ViewCompat;->isOpaque(Landroid/view/View;)Z,0.0002694363720289826
Landroid/support/v4/app/TaskStackBuilder;->startActivities()V,0.00026935582201859326
Landroid/app/DialogFragment;->dismiss()V,0.0002693114357466567
Landroid/widget/Spinner;-><init>(Landroid/content/Context;)V,0.000268940449220171
Landroid/app/IntentService;->onCreate()V,0.0002688536382150173
Landroid/view/View;->onApplyWindowInsets(Landroid/view/WindowInsets;)Landroid/view/WindowInsets;,0.0002686309599224707
Landroid/widget/CompoundButton;->setButtonTintList(Landroid/content/res/ColorStateList;)V,0.0002686285460928263
Landroid/telephony/SubscriptionManager;->from(Landroid/content/Context;)Landroid/telephony/SubscriptionManager;,0.0002686223183136649
Landroid/graphics/drawable/LevelListDrawable;-><init>()V,0.0002680974746021065
Landroid/app/PendingIntent;->getCreatorPackage()Ljava/lang/String;,0.00026807079874831464
Landroid/widget/Toast;->cancel()V,0.0002680097511951172
Landroid/widget/SearchView;-><init>(Landroid/content/Context;)V,0.0002663041922743945
Landroid/app/Activity;->onContextItemSelected(Landroid/view/MenuItem;)Z,0.00026543532736402056
Landroid/graphics/drawable/Drawable;->invalidateSelf()V,0.00026511384902459096
Landroid/view/ViewPropertyAnimator;->rotationY(F)Landroid/view/ViewPropertyAnimator;,0.00026498123284640103
Landroid/widget/ListView;->addHeaderView(Landroid/view/View;)V,0.0002636094023869567
Landroid/widget/ImageView;->setAlpha(I)V,0.00026332606803902524
Landroid/widget/TextView;->setTextScaleX(F)V,0.0002602781527788758
Landroid/widget/ProgressBar;->setIndeterminateDrawable(Landroid/graphics/drawable/Drawable;)V,0.00026014213714133804
Landroid/support/v4/content/WakefulBroadcastReceiver;->completeWakefulIntent(Landroid/content/Intent;)Z,0.0002598615903403172
Landroid/support/v7/widget/SearchView;->setIconifiedByDefault(Z)V,0.00025972413621619134
Landroid/widget/ProgressBar;->setProgressDrawable(Landroid/graphics/drawable/Drawable;)V,0.00025945519681149756
Landroid/app/Activity;->moveTaskToBack(Z)Z,0.0002590470217389332
Landroid/os/Bundle;->getCharSequence(Ljava/lang/String;)Ljava/lang/CharSequence;,0.0002585044748637487
Landroid/webkit/WebView;->zoomOut()Z,0.0002583765390933742
Landroid/text/SpannableStringBuilder;->append(C)Landroid/text/SpannableStringBuilder;,0.00025768979716702815
Landroid/app/Activity;->hasWindowFocus()Z,0.0002576544355457184
Landroid/view/accessibility/AccessibilityNodeInfo;->getWindow()Landroid/view/accessibility/AccessibilityWindowInfo;,0.00025655552332533565
Landroid/media/AudioManager;->setSpeakerphoneOn(Z)V,0.00025552659812468607
Landroid/webkit/WebView;->pauseTimers()V,0.0002551724750155409
Landroid/support/v4/widget/DrawerLayout;->openDrawer(I)V,0.000253408040394729
Landroid/os/ParcelFileDescriptor$AutoCloseOutputStream;->close()V,0.0002530748750089614
Landroid/support/v4/view/ViewCompat;->getPaddingEnd(Landroid/view/View;)I,0.0002530551493612521
Landroid/widget/ImageView;->setColorFilter(I)V,0.00025121651888358087
Landroid/support/v7/widget/SearchView;->getQueryHint()Ljava/lang/CharSequence;,0.00024997446232262086
Landroid/view/TextureView;->getBitmap()Landroid/graphics/Bitmap;,0.00024991044305492055
Landroid/widget/ZoomButtonsController;-><init>(Landroid/view/View;)V,0.0002499038277916734
Landroid/hardware/display/VirtualDisplay;->release()V,0.00024970203221171585
Landroid/widget/RadioButton;-><init>(Landroid/content/Context;)V,0.0002493722181435825
Landroid/os/Environment;->isExternalStorageRemovable()Z,0.00024841127202315615
Landroid/os/CancellationSignal;->cancel()V,0.0002483619604311356
Landroid/view/ViewStub;->setVisibility(I)V,0.0002476559779785777
Landroid/view/ViewGroup;->focusableViewAvailable(Landroid/view/View;)V,0.0002474822032696963
Landroid/app/WallpaperManager;->getInstance(Landroid/content/Context;)Landroid/app/WallpaperManager;,0.0002473181441303521
Landroid/view/ViewGroup;->setLayoutTransition(Landroid/animation/LayoutTransition;)V,0.0002456411349027513
Landroid/widget/ImageView;->setColorFilter(Landroid/graphics/ColorFilter;)V,0.0002453627025349129
Landroid/os/CancellationSignal;->setOnCancelListener(Landroid/os/CancellationSignal$OnCancelListener;)V,0.0002452838459150026
Landroid/view/TouchDelegate;->onTouchEvent(Landroid/view/MotionEvent;)Z,0.00024476077974779244
Lcom/android/volley/toolbox/JsonRequest;->getBody()[B,0.00024450796778689623
Landroid/support/v4/app/DialogFragment;->onDismiss(Landroid/content/DialogInterface;)V,0.00024444537090883585
Landroid/media/AudioManager;->registerMediaButtonEventReceiver(Landroid/content/ComponentName;)V,0.00024438147450041195
Landroid/view/accessibility/AccessibilityNodeInfo;->recycle()V,0.00024315020738650245
Landroid/app/admin/DevicePolicyManager;->isAdminActive(Landroid/content/ComponentName;)Z,0.0002425363341252393
Landroid/os/Environment;->getStorageState(Ljava/io/File;)Ljava/lang/String;,0.00024240946724072285
Landroid/app/Activity;->setProgress(I)V,0.00024207615091757106
Landroid/graphics/drawable/TransitionDrawable;-><init>([Landroid/graphics/drawable/Drawable;)V,0.0002409462150755055
Landroid/speech/tts/TextToSpeech;->isSpeaking()Z,0.00024055542519436078
Landroid/app/ActivityOptions;->toBundle()Landroid/os/Bundle;,0.0002400800451333751
Landroid/widget/VideoView;->onTouchEvent(Landroid/view/MotionEvent;)Z,0.00023925835714635037
Landroid/media/AudioManager;->setRingerMode(I)V,0.00023862155373805582
Landroid/preference/Preference;-><init>(Landroid/content/Context;)V,0.00023840359247056782
Landroid/widget/ProgressBar;->setSecondaryProgress(I)V,0.00023733204405784386
Landroid/view/KeyCharacterMap;->deviceHasKey(I)Z,0.0002372049353716944
Landroid/support/v4/media/session/MediaControllerCompat;->dispatchMediaButtonEvent(Landroid/view/KeyEvent;)Z,0.0002353940771695226
Landroid/webkit/WebView;->clearMatches()V,0.00023535969315839844
Landroid/app/TabActivity;-><init>()V,0.000235108504811839
Landroid/support/v7/widget/RecyclerView$Recycler;->getViewForPosition(I)Landroid/view/View;,0.00023491932798439555
Landroid/view/View;->clearFocus()V,0.00023381934411755627
Landroid/content/ClipboardManager;->setText(Ljava/lang/CharSequence;)V,0.00023308486231999646
Landroid/widget/PopupWindow;-><init>(Landroid/view/View;)V,0.000232032278281513
Landroid/widget/RadioGroup;->check(I)V,0.00023007802822227108
Landroid/support/v7/internal/widget/ScrollingTabContainerView;->setTabSelected(I)V,0.00022817375061934822
Landroid/app/Instrumentation;->callActivityOnStop(Landroid/app/Activity;)V,0.00022792816611228557
Landroid/telephony/TelephonyManager;->getCallState()I,0.00022733840886835752
Landroid/webkit/WebView;->getScale()F,0.00022673552749778836
Landroid/view/View;->setTop(I)V,0.00022633693289841254
Landroid/speech/tts/TextToSpeech;->shutdown()V,0.0002257623709556275
Landroid/support/v4/app/DialogFragment;->onAttach(Landroid/app/Activity;)V,0.00022404656455018456
Landroid/widget/HorizontalScrollView;->fullScroll(I)Z,0.00022199052747675827
Landroid/webkit/WebView;->resumeTimers()V,0.00022152294930844428
Landroid/net/wifi/WifiManager;->getConfiguredNetworks()Ljava/util/List;,0.00022126365080826652
Landroid/webkit/WebView;->setHorizontalScrollbarOverlay(Z)V,0.00022123521440147676
Landroid/content/res/Resources;->getTextArray(I)[Ljava/lang/CharSequence;,0.00022026812703890934
Landroid/widget/VideoView;->suspend()V,0.00022008444424224388
Landroid/view/inputmethod/InputMethodManager;->getEnabledInputMethodList()Ljava/util/List;,0.00021997166604632311
Landroid/content/ClipboardManager;->addPrimaryClipChangedListener(Landroid/content/ClipboardManager$OnPrimaryClipChangedListener;)V,0.00021942898731806292
Landroid/app/Activity;->startActionMode(Landroid/view/ActionMode$Callback;)Landroid/view/ActionMode;,0.0002192559539915324
Landroid/view/View;->setWillNotDraw(Z)V,0.00021824956502170215
Landroid/os/CountDownTimer;->start()Landroid/os/CountDownTimer;,0.00021526782770192064
Landroid/text/Layout;->getLineWidth(I)F,0.00021427708610264527
Landroid/app/ActivityManager;->killBackgroundProcesses(Ljava/lang/String;)V,0.00021417700754129663
Landroid/app/Dialog;->cancel()V,0.00021268547521501393
Landroid/widget/RadioGroup;-><init>(Landroid/content/Context;)V,0.00021217471379201937
Landroid/location/LocationManager;->getAllProviders()Ljava/util/List;,0.00021202844907894207
Landroid/webkit/WebView;->findNext(Z)V,0.00021177315632786497
Landroid/view/inputmethod/InputMethodManager;->isAcceptingText()Z,0.0002116579073996375
Landroid/media/AudioManager;->setMode(I)V,0.00021092812764886146
Landroid/widget/TimePicker;-><init>(Landroid/content/Context;)V,0.0002108557295334304
Landroid/graphics/drawable/ShapeDrawable;-><init>()V,0.00021072464911113441
Landroid/app/PendingIntent;->getTargetPackage()Ljava/lang/String;,0.00021070027966275075
Landroid/widget/TextView;->setEllipsize(Landroid/text/TextUtils$TruncateAt;)V,0.00020963712835603943
Landroid/service/wallpaper/WallpaperService;->onDestroy()V,0.00020950764226731133
Landroid/content/res/TypedArray;->getTextArray(I)[Ljava/lang/CharSequence;,0.00020926579815303077
Landroid/view/View;->getPaddingStart()I,0.00020901752451732818
Landroid/text/format/Time;->format3339(Z)Ljava/lang/String;,0.00020739198894619666
Landroid/widget/TabHost;->setCurrentTab(I)V,0.00020706137716798803
Landroid/view/inputmethod/BaseInputConnection;->sendKeyEvent(Landroid/view/KeyEvent;)Z,0.000206594403377389
Landroid/text/SpannableString;->removeSpan(Ljava/lang/Object;)V,0.0002055813856899401
Landroid/support/v7/widget/ActionMenuView;->getMenu()Landroid/view/Menu;,0.0002052832373020791
Landroid/view/Window;->setDimAmount(F)V,0.00020498747908652727
Landroid/preference/Preference;->setSummary(I)V,0.00020403681861335887
Landroid/preference/Preference$BaseSavedState;-><init>(Landroid/os/Parcel;)V,0.00020387417345556064
Landroid/app/Activity;->dispatchKeyShortcutEvent(Landroid/view/KeyEvent;)Z,0.00020337066034717348
Landroid/text/SpannableStringBuilder;->clear()V,0.00020292674143242436
Landroid/widget/TabHost$TabSpec;->setContent(I)Landroid/widget/TabHost$TabSpec;,0.00020198889194879665
Landroid/support/v7/widget/Toolbar;->setNavigationIcon(I)V,0.00020145902607639386
Landroid/support/v7/internal/widget/ActionBarContextView;->animateToVisibility(I)V,0.0002005663157111624
Landroid/support/v7/internal/widget/ActionBarContainer;->setSplitBackground(Landroid/graphics/drawable/Drawable;)V,0.00019878056014055874
Landroid/net/ConnectivityManager;->isActiveNetworkMetered()Z,0.0001986709646827895
Landroid/app/Instrumentation;->callActivityOnStart(Landroid/app/Activity;)V,0.0001972729722873119
Landroid/support/v7/internal/widget/ActionBarOverlayLayout;->onWindowSystemUiVisibilityChanged(I)V,0.00019625798240424303
Landroid/widget/AbsoluteLayout;-><init>(Landroid/content/Context;)V,0.00019368546626697235
Landroid/database/sqlite/SQLiteStatement;->executeInsert()J,0.00019357810214684772
Landroid/widget/TextView;->setSingleLine()V,0.00019337119949762078
Landroid/widget/HorizontalScrollView;->onTouchEvent(Landroid/view/MotionEvent;)Z,0.00019307309756356173
Landroid/app/KeyguardManager$KeyguardLock;->reenableKeyguard()V,0.0001929610986605623
Landroid/content/ContentProvider;->applyBatch(Ljava/util/ArrayList;)[Landroid/content/ContentProviderResult;,0.00019125863807268657
Landroid/location/Geocoder;->isPresent()Z,0.0001907506778221056
Landroid/widget/PopupWindow;-><init>()V,0.00018967426129848464
Landroid/animation/ValueAnimator;->end()V,0.00018938523121054998
Landroid/support/v7/widget/SwitchCompat;->setChecked(Z)V,0.0001883364003796963
Landroid/support/v4/view/ActionProvider;->refreshVisibility()V,0.00018823723817619102
Landroid/widget/VideoView;->resume()V,0.0001881153334356423
Landroid/app/AlertDialog;->setIcon(I)V,0.0001872094290197181
Landroid/widget/ScrollView;->executeKeyEvent(Landroid/view/KeyEvent;)Z,0.00018710214720991816
Landroid/view/View;->invalidateDrawable(Landroid/graphics/drawable/Drawable;)V,0.00018627357471692817
Landroid/view/View;->setRight(I)V,0.00018560658003631588
Landroid/widget/CompoundButton;-><init>(Landroid/content/Context;)V,0.00018502541615980487
Landroid/graphics/drawable/AnimatedVectorDrawable;->start()V,0.00018500008824933899
Landroid/support/v7/app/ActionBarActivity;->onBackPressed()V,0.0001845150928496681
Landroid/net/wifi/WifiManager;->removeNetwork(I)Z,0.00018440550463309758
Landroid/content/res/Resources;->getMovie(I)Landroid/graphics/Movie;,0.00018350212245200025
Landroid/widget/TabHost;->setCurrentTabByTag(Ljava/lang/String;)V,0.0001834603194446256
Landroid/bluetooth/BluetoothAdapter;->getName()Ljava/lang/String;,0.00018301214033373633
Landroid/support/v7/widget/RecyclerView;-><init>(Landroid/content/Context;)V,0.00018281031822833945
Landroid/speech/tts/TextToSpeech;->stop()I,0.00018111391132647536
Landroid/app/Activity;->finishActivity(I)V,0.00018104752364853219
Landroid/support/v7/internal/widget/ActionBarContainer;->setStackedBackground(Landroid/graphics/drawable/Drawable;)V,0.00017983787881129884
Landroid/content/ContextWrapper;->startActivity(Landroid/content/Intent;)V,0.00017891895794196178
Landroid/view/View;->dispatchKeyEvent(Landroid/view/KeyEvent;)Z,0.0001786074499515607
Landroid/app/DownloadManager;->remove([J)I,0.000177374929441464
Landroid/widget/TextView;->getBaseline()I,0.00017722217844804683
Landroid/support/v4/widget/DrawerLayout;->setDrawerLockMode(I)V,0.00017543784675464684
Landroid/service/notification/NotificationListenerService;-><init>()V,0.00017535228453723886
Landroid/view/View;->onWindowFocusChanged(Z)V,0.00017475654348510092
Landroid/app/Activity;->setProgressBarIndeterminate(Z)V,0.00017445561598230649
Landroid/support/v7/internal/widget/ActivityChooserView;->setExpandActivityOverflowButtonDrawable(Landroid/graphics/drawable/Drawable;)V,0.000173818405593762
Landroid/app/DialogFragment;->onDismiss(Landroid/content/DialogInterface;)V,0.0001730946795485755
Landroid/support/v4/view/ViewPropertyAnimatorCompat;->start()V,0.0001728365052991921
Landroid/webkit/WebView;->getHitTestResult()Landroid/webkit/WebView$HitTestResult;,0.0001702388359820013
Landroid/support/v7/widget/GridLayout;->generateLayoutParams(Landroid/util/AttributeSet;)Landroid/support/v7/widget/GridLayout$LayoutParams;,0.0001690499732006858
Landroid/preference/EditTextPreference;-><init>(Landroid/content/Context;)V,0.00016904241730561812
Landroid/bluetooth/BluetoothAdapter;->getState()I,0.00016871119297660826
Landroid/widget/EditText;->setEllipsize(Landroid/text/TextUtils$TruncateAt;)V,0.00016857731231827912
Landroid/app/ExpandableListActivity;-><init>()V,0.00016773466998614724
Landroid/app/ActivityManager;->getProcessMemoryInfo([I)[Landroid/os/Debug$MemoryInfo;,0.0001670654763335233
Landroid/app/Application;->onConfigurationChanged(Landroid/content/res/Configuration;)V,0.00016652533798677986
Landroid/app/ActivityManager;->getLauncherLargeIconSize()I,0.0001660663346581099
Landroid/bluetooth/BluetoothAdapter;->getBondedDevices()Ljava/util/Set;,0.000165871522674582
Landroid/bluetooth/BluetoothDevice;->getBluetoothClass()Landroid/bluetooth/BluetoothClass;,0.00016545735025947077
Landroid/animation/AnimatorSet;->cancel()V,0.00016532188480037596
Landroid/view/OrientationEventListener;-><init>(Landroid/content/Context;)V,0.00016420313899960002
Landroid/support/v7/widget/ListPopupWindow;-><init>(Landroid/content/Context;)V,0.00016270871439493355
Landroid/app/Activity;->setProgressBarIndeterminateVisibility(Z)V,0.00016265520327477374
Landroid/app/ProgressDialog;->incrementProgressBy(I)V,0.00016216946499735278
Landroid/bluetooth/BluetoothAdapter;->enable()Z,0.00016207595124401422
Landroid/graphics/Picture;-><init>()V,0.00016169559387551826
Landroid/media/MediaExtractor;->setDataSource(Ljava/lang/String;)V,0.0001613124235852321
Landroid/app/ActivityGroup;-><init>()V,0.00016100599041748626
Landroid/widget/RatingBar;->setStepSize(F)V,0.0001605097133418199
Landroid/os/HandlerThread;->run()V,0.00015999769554613148
Lcom/bumptech/glide/Glide;->with(Landroid/app/Activity;)Lcom/bumptech/glide/RequestManager;,0.00015981111969007314
Landroid/support/v7/internal/view/menu/MenuBuilder;->savePresenterStates(Landroid/os/Bundle;)V,0.00015936926628580303
Landroid/widget/TextView;->setHint(Ljava/lang/CharSequence;)V,0.00015921059276511717
Landroid/view/View;->focusSearch(I)Landroid/view/View;,0.00015780667369931923
Landroid/widget/Spinner;->setEnabled(Z)V,0.00015697912588851176
Landroid/view/View;->setY(F)V,0.0001567808760841355
Landroid/app/Fragment;->getChildFragmentManager()Landroid/app/FragmentManager;,0.00015628224230822022
Landroid/content/ClipData$Item;->coerceToText(Landroid/content/Context;)Ljava/lang/CharSequence;,0.00015520494002864576
Landroid/support/v4/app/NotificationManagerCompat;->from(Landroid/content/Context;)Landroid/support/v4/app/NotificationManagerCompat;,0.00015508480650292387
Landroid/provider/MediaStore$Audio$Media;->getContentUriForPath(Ljava/lang/String;)Landroid/net/Uri;,0.0001548748456110658
Landroid/view/View;->setStateListAnimator(Landroid/animation/StateListAnimator;)V,0.0001544523121562178
Landroid/app/Activity;->showDialog(I)V,0.00015427625071587963
Landroid/widget/TextView;->getTotalPaddingTop()I,0.0001539993413874973
Landroid/support/v7/internal/app/WindowDecorActionBar;-><init>(Landroid/app/Dialog;)V,0.00015304910633220166
Landroid/support/v4/view/PagerAdapter;->notifyDataSetChanged()V,0.0001529469434473191
Landroid/database/DataSetObservable;->notifyInvalidated()V,0.00015291605273398594
Landroid/widget/Gallery;-><init>(Landroid/content/Context;)V,0.00015290848787226916
Landroid/net/ConnectivityManager;->getNetworkCapabilities(Landroid/net/Network;)Landroid/net/NetworkCapabilities;,0.0001528592191676607
Landroid/widget/NumberPicker;->setValue(I)V,0.00015149476521331525
Landroid/support/v4/media/session/MediaControllerCompatApi21$TransportControls;->skipToPrevious(Ljava/lang/Object;)V,0.000150560469956635
Landroid/view/inputmethod/InputMethodManager;->getInputMethodList()Ljava/util/List;,0.0001502947177024858
Landroid/view/View;->setVerticalFadingEdgeEnabled(Z)V,0.0001496150364761712
Landroid/support/v4/view/ViewPager;->endFakeDrag()V,0.00014934515706923048
Landroid/app/Activity;->getTaskId()I,0.000149306465884917
Landroid/widget/CheckedTextView;->setCheckMarkDrawable(Landroid/graphics/drawable/Drawable;)V,0.00014866398833057238
Lcom/android/volley/toolbox/Volley;->newRequestQueue(Landroid/content/Context;)Lcom/android/volley/RequestQueue;,0.00014835031440380017
Landroid/database/sqlite/SQLiteDatabase;->getAttachedDbs()Ljava/util/List;,0.0001483368682788483
Landroid/app/Dialog;->onTouchEvent(Landroid/view/MotionEvent;)Z,0.00014720781482404133
Landroid/widget/TextView;->onRestoreInstanceState(Landroid/os/Parcelable;)V,0.00014553339826507507
Landroid/webkit/WebStorage;->getInstance()Landroid/webkit/WebStorage;,0.00014470169106775004
Landroid/support/v4/app/NotificationManagerCompat;->cancel(I)V,0.00014341503905406582
Landroid/preference/Preference;->setTitle(I)V,0.0001433321082034184
Landroid/hardware/usb/UsbManager;->openDevice(Landroid/hardware/usb/UsbDevice;)Landroid/hardware/usb/UsbDeviceConnection;,0.00014315451383912085
Lcom/bumptech/glide/manager/RequestTracker;->restartRequests()V,0.00014284144913083484
Landroid/widget/CheckedTextView;->setVisibility(I)V,0.00014182106971518616
Landroid/preference/ListPreference;-><init>(Landroid/content/Context;)V,0.00014137088109549229
Landroid/widget/ZoomControls;-><init>(Landroid/content/Context;)V,0.00014134860709158595
Landroid/preference/CheckBoxPreference;-><init>(Landroid/content/Context;)V,0.00014098364528081878
Landroid/text/TextUtils;->concat([Ljava/lang/CharSequence;)Ljava/lang/CharSequence;,0.00014094825243113256
Landroid/bluetooth/BluetoothAdapter;->startDiscovery()Z,0.00013966792457763136
Landroid/hardware/input/InputManager;->getInputDevice(I)Landroid/view/InputDevice;,0.00013959425478105004
Landroid/hardware/usb/UsbManager;->getDeviceList()Ljava/util/HashMap;,0.00013927610782083505
Landroid/widget/TextView;->setKeyListener(Landroid/text/method/KeyListener;)V,0.0001392211941309607
Landroid/support/v4/app/DialogFragment;->onActivityCreated(Landroid/os/Bundle;)V,0.0001377761431749258
Landroid/webkit/WebView;->clearSslPreferences()V,0.00013757817127161415
Landroid/provider/Telephony$Sms;->getDefaultSmsPackage(Landroid/content/Context;)Ljava/lang/String;,0.0001367537101366209
Landroid/media/AudioManager;->stopBluetoothSco()V,0.00013674334317238248
Landroid/support/v4/app/DialogFragment;->onStart()V,0.00013631676134182285
Landroid/webkit/WebView;->setPictureListener(Landroid/webkit/WebView$PictureListener;)V,0.00013561666902108858
Landroid/media/Ringtone;->stop()V,0.00013552105756971738
Landroid/telephony/TelephonyManager;->getDataState()I,0.00013543960191833047
Landroid/support/v4/widget/SwipeRefreshLayout;->onTouchEvent(Landroid/view/MotionEvent;)Z,0.00013528764955012272
Landroid/widget/TextView;->onTouchEvent(Landroid/view/MotionEvent;)Z,0.0001350231591606284
Landroid/app/DownloadManager;->getUriForDownloadedFile(J)Landroid/net/Uri;,0.00013436481507158793
Landroid/net/ConnectivityManager;->getNetworkInfo(Landroid/net/Network;)Landroid/net/NetworkInfo;,0.0001331434782932466
Landroid/app/Activity;->setTitle(I)V,0.00013285488602859545
Landroid/support/v7/app/ActionBarActivity;->getSupportParentActivityIntent()Landroid/content/Intent;,0.00013274030398011105
Landroid/os/Environment;->isExternalStorageEmulated()Z,0.00013266973616293275
Landroid/bluetooth/BluetoothDevice;->getName()Ljava/lang/String;,0.00013217264207246527
Landroid/telephony/PhoneNumberUtils;->formatNumber(Ljava/lang/String;)Ljava/lang/String;,0.000131928054919878
Landroid/location/LocationManager;->removeUpdates(Landroid/app/PendingIntent;)V,0.00013190363112993778
Landroid/view/View;->announceForAccessibility(Ljava/lang/CharSequence;)V,0.00013148830563811242
Landroid/view/View;->setKeepScreenOn(Z)V,0.00013097642046852386
Landroid/app/Activity;->startActivities([Landroid/content/Intent;)V,0.00013070295274935875
Landroid/widget/TextView;->onWindowFocusChanged(Z)V,0.00013008747530867418
Landroid/database/sqlite/SQLiteStatement;->executeUpdateDelete()I,0.00013003944871132228
Landroid/telephony/SubscriptionManager;->getActiveSubscriptionInfoList()Ljava/util/List;,0.00012997606720601153
Landroid/widget/CompoundButton;->toggle()V,0.00012914617408974028
Landroid/net/wifi/WifiManager;->createWifiLock(Ljava/lang/String;)Landroid/net/wifi/WifiManager$WifiLock;,0.00012880449662590224
Landroid/app/DialogFragment;->onSaveInstanceState(Landroid/os/Bundle;)V,0.0001275701294550349
Landroid/support/v7/app/ActionBarDrawerToggle;->onDrawerOpened(Landroid/view/View;)V,0.00012740807095513147
Landroid/content/ClipboardManager;->hasPrimaryClip()Z,0.00012734564859299345
Landroid/widget/ProgressBar;->incrementProgressBy(I)V,0.00012721418316861074
Landroid/net/wifi/WifiManager;->saveConfiguration()Z,0.0001270645361938629
Landroid/app/DialogFragment;->onAttach(Landroid/app/Activity;)V,0.00012612408922073911
Landroid/app/Activity;->closeOptionsMenu()V,0.00012589134925398613
Landroid/widget/Chronometer;->setBase(J)V,0.00012564052579511442
Landroid/service/wallpaper/WallpaperService;->onCreate()V,0.00012546757332878585
Landroid/app/WallpaperManager;->getWallpaperInfo()Landroid/app/WallpaperInfo;,0.00012445749890311868
Landroid/text/SpannedString;-><init>(Ljava/lang/CharSequence;)V,0.0001242791463518761
Landroid/widget/ToggleButton;-><init>(Landroid/content/Context;)V,0.00012411862542944122
Landroid/app/Activity;->unregisterForContextMenu(Landroid/view/View;)V,0.00012408652218215703
Landroid/bluetooth/BluetoothSocket;->close()V,0.0001240086301168478
Landroid/widget/ImageView;->setImageAlpha(I)V,0.00012359452696378246
Landroid/net/nsd/NsdManager;->unregisterService(Landroid/net/nsd/NsdManager$RegistrationListener;)V,0.00012339893051753378
Landroid/widget/RadioGroup;->clearCheck()V,0.00012278450658963612
Landroid/preference/PreferenceManager;->createPreferenceScreen(Landroid/content/Context;)Landroid/preference/PreferenceScreen;,0.00012248044960144815
Landroid/support/v7/internal/widget/ActionBarOverlayLayout;->generateLayoutParams(Landroid/util/AttributeSet;)Landroid/support/v7/internal/widget/ActionBarOverlayLayout$LayoutParams;,0.00012213765187090285
Landroid/widget/AutoCompleteTextView;->dismissDropDown()V,0.00012193662128197653
Lcom/bumptech/glide/Glide;->with(Landroid/support/v4/app/FragmentActivity;)Lcom/bumptech/glide/RequestManager;,0.00012193221716268886
Landroid/text/Layout;->getLineRight(I)F,0.00012169297363852767
Landroid/view/View;->performLongClick()Z,0.00012116279977708613
Landroid/support/v4/app/NotificationCompat$Builder;->getNotification()Landroid/app/Notification;,0.00012096388616398395
Landroid/widget/ExpandableListView;->setGroupIndicator(Landroid/graphics/drawable/Drawable;)V,0.00012034916007990098
Landroid/support/v7/app/ActionBarDrawerToggle;->onDrawerClosed(Landroid/view/View;)V,0.00011934671557152946
Landroid/widget/Chronometer;->stop()V,0.00011892549208750611
Landroid/webkit/WebView;->invokeZoomPicker()V,0.00011880638337855281
Landroid/media/Ringtone;->getTitle(Landroid/content/Context;)Ljava/lang/String;,0.0001187738527497774
Landroid/widget/TextView;->onSaveInstanceState()Landroid/os/Parcelable;,0.00011747862615228129
Landroid/app/WallpaperManager;->getDrawable()Landroid/graphics/drawable/Drawable;,0.00011698254758351026
Landroid/os/Bundle;->getByte(Ljava/lang/String;)B,0.00011693172266248713
Landroid/widget/TextSwitcher;->setText(Ljava/lang/CharSequence;)V,0.00011686593543744417
Landroid/graphics/drawable/PictureDrawable;-><init>(Landroid/graphics/Picture;)V,0.00011606795536914134
Landroid/support/v7/app/ActionBarActivity;->onConfigurationChanged(Landroid/content/res/Configuration;)V,0.0001155845020730577
Landroid/text/format/DateUtils;->formatElapsedTime(J)Ljava/lang/String;,0.00011556505751476449
Landroid/net/ConnectivityManager;->getAllNetworks()[Landroid/net/Network;,0.0001145144777896371
Landroid/media/SoundPool$Builder;->build()Landroid/media/SoundPool;,0.00011390156324013646
Landroid/widget/ListView;->removeFooterView(Landroid/view/View;)Z,0.00011352895289753708
Landroid/webkit/WebView;->pageDown(Z)Z,0.00011334490980963754
Landroid/nfc/NfcAdapter;->isEnabled()Z,0.00011293439098413764
Landroid/support/v7/app/ActionBarDrawerToggle;->onConfigurationChanged(Landroid/content/res/Configuration;)V,0.00011181729994863788
Landroid/support/v4/net/ConnectivityManagerCompat;->isActiveNetworkMetered(Landroid/net/ConnectivityManager;)Z,0.00011177484781985469
Landroid/support/v7/widget/SearchView;->setSearchableInfo(Landroid/app/SearchableInfo;)V,0.00011133479632676197
Landroid/text/style/URLSpan;->onClick(Landroid/view/View;)V,0.00011126490442060598
Landroid/view/ViewGroup;->dispatchTouchEvent(Landroid/view/MotionEvent;)Z,0.00011073377004734102
Landroid/bluetooth/BluetoothAdapter;->startLeScan(Landroid/bluetooth/BluetoothAdapter$LeScanCallback;)Z,0.00011025003172070744
Landroid/widget/Toast;->setText(I)V,0.00011008670802655942
Landroid/preference/PreferenceScreen;->bind(Landroid/widget/ListView;)V,0.00010991271233231367
Landroid/util/LruCache;->evictAll()V,0.00010958238091336508
Landroid/graphics/drawable/PaintDrawable;-><init>()V,0.00010867683970139903
Landroid/app/Activity;->getMenuInflater()Landroid/view/MenuInflater;,0.00010859576593707726
Landroid/content/ContentResolver;->getMasterSyncAutomatically()Z,0.0001077028352998534
Landroid/widget/TextView;->clearComposingText()V,0.00010749803920211167
Landroid/bluetooth/BluetoothAdapter;->cancelDiscovery()Z,0.00010675310343188197
Lcom/bumptech/glide/RequestManager;->load(Ljava/lang/String;)Lcom/bumptech/glide/DrawableTypeRequest;,0.00010638049201523497
Landroid/nfc/NfcAdapter;->disableForegroundDispatch(Landroid/app/Activity;)V,0.00010633275848731066
Landroid/widget/ImageView;->invalidateDrawable(Landroid/graphics/drawable/Drawable;)V,0.00010573178612292318
Landroid/bluetooth/BluetoothAdapter;->getBluetoothLeScanner()Landroid/bluetooth/le/BluetoothLeScanner;,0.00010567685416453557
Landroid/widget/TextView;->setTextIsSelectable(Z)V,0.0001048886050129306
Landroid/content/pm/IPackageStatsObserver$Stub;-><init>()V,0.00010486661173912887
Landroid/net/wifi/WifiManager;->disconnect()Z,0.00010393187217457585
Landroid/transition/TransitionManager;->beginDelayedTransition(Landroid/view/ViewGroup;)V,0.0001038614710465514
Landroid/widget/BaseAdapter;->notifyDataSetInvalidated()V,0.00010286050467483624
Landroid/app/Activity;->setTaskDescription(Landroid/app/ActivityManager$TaskDescription;)V,0.00010259264163319414
Landroid/widget/ArrayAdapter;->addAll(Ljava/util/Collection;)V,0.00010208748469924171
Landroid/telephony/TelephonyManager;->getDeviceSoftwareVersion()Ljava/lang/String;,0.00010121811211418198
Landroid/widget/TextView;->setCursorVisible(Z)V,0.00010110641323124384
Landroid/content/ClipboardManager;->removePrimaryClipChangedListener(Landroid/content/ClipboardManager$OnPrimaryClipChangedListener;)V,0.00010109939378240816
Lcom/bumptech/glide/Glide;->clear(Lcom/bumptech/glide/request/target/Target;)V,0.0001007815609953047
Landroid/widget/ExpandableListView;-><init>(Landroid/content/Context;)V,0.0001006987027213281
Landroid/view/View;->setWillNotCacheDrawing(Z)V,0.0001006864123252801
Landroid/support/v4/app/TaskStackBuilder;->addParentStack(Ljava/lang/Class;)Landroid/support/v4/app/TaskStackBuilder;,9.96504852324173e-05
Landroid/webkit/WebView;->getOriginalUrl()Ljava/lang/String;,9.9489706798481e-05
Landroid/widget/AutoCompleteTextView;->showDropDown()V,9.9362563029978e-05
Landroid/webkit/WebView;->capturePicture()Landroid/graphics/Picture;,9.901961490268715e-05
Landroid/widget/RatingBar;->setMax(I)V,9.874309043370642e-05
Landroid/net/wifi/WifiManager;->disableNetwork(I)Z,9.813856955697456e-05
Landroid/support/v4/view/MenuItemCompat;->collapseActionView(Landroid/view/MenuItem;)Z,9.799468966672485e-05
Landroid/webkit/CookieManager;->setAcceptFileSchemeCookies(Z)V,9.712370004955566e-05
Landroid/app/Activity;->setProgressBarVisibility(Z)V,9.648506848184921e-05
Landroid/view/inputmethod/InputMethodManager;->showInputMethodPicker()V,9.484943116488755e-05
Landroid/support/v4/media/session/MediaSessionCompat;->setPlaybackToLocal(I)V,9.483745011252727e-05
Landroid/accounts/AbstractAccountAuthenticator;-><init>(Landroid/content/Context;)V,9.467576054987404e-05
Landroid/webkit/WebView;->freeMemory()V,9.423339461110271e-05
Landroid/support/v4/media/session/MediaSessionCompat;->setActive(Z)V,9.403074708795565e-05
Landroid/widget/ArrayAdapter;->remove(Ljava/lang/Object;)V,9.331456044648792e-05
Landroid/widget/AdapterView;-><init>(Landroid/content/Context;)V,9.283480228068042e-05
Landroid/widget/ProgressBar;->setSecondaryProgressTintList(Landroid/content/res/ColorStateList;)V,9.210205287237409e-05
Landroid/support/v4/widget/DrawerLayout;->setStatusBarBackgroundColor(I)V,9.151536897995394e-05
Landroid/appwidget/AppWidgetManager;->getAppWidgetInfo(I)Landroid/appwidget/AppWidgetProviderInfo;,9.125204003857765e-05
Landroid/support/v7/widget/Toolbar;-><init>(Landroid/content/Context;)V,9.116330090340165e-05
Landroid/content/ContentResolver;->acquireContentProviderClient(Ljava/lang/String;)Landroid/content/ContentProviderClient;,9.111724630614749e-05
Landroid/text/SpannableStringBuilder;->removeSpan(Ljava/lang/Object;)V,9.105531140157667e-05
Landroid/support/v7/widget/ListPopupWindow;->setContentWidth(I)V,9.103430308964353e-05
Lcom/bumptech/glide/RequestManager;->load(Ljava/lang/Integer;)Lcom/bumptech/glide/DrawableTypeRequest;,9.081128893085634e-05
Lcom/bumptech/glide/load/data/MediaStoreThumbFetcher;->loadData(Lcom/bumptech/glide/Priority;)Ljava/io/InputStream;,8.81375283946563e-05
Landroid/support/v7/widget/SearchView;-><init>(Landroid/content/Context;)V,8.803907849762298e-05
Landroid/media/AudioManager;->getVibrateSetting(I)I,8.754951088177757e-05
Landroid/view/View;->refreshDrawableState()V,8.682311791440563e-05
Landroid/widget/ListView;->removeHeaderView(Landroid/view/View;)Z,8.678395413041838e-05
Landroid/widget/TextView;->setError(Ljava/lang/CharSequence;)V,8.662759712369315e-05
Landroid/widget/CompoundButton;->performClick()Z,8.633748785094115e-05
Landroid/support/v7/internal/view/menu/MenuDialogHelper;->onDismiss(Landroid/content/DialogInterface;)V,8.623761075100078e-05
Landroid/support/v4/widget/DrawerLayout;-><init>(Landroid/content/Context;)V,8.567435406701164e-05
Landroid/widget/ListPopupWindow;->show()V,8.537403125199188e-05
Landroid/app/Activity;->setTitleColor(I)V,8.515562401944291e-05
Landroid/bluetooth/BluetoothDevice;->getBondState()I,8.511415610395177e-05
Landroid/media/AudioManager;->isBluetoothScoOn()Z,8.428879976781753e-05
Landroid/accounts/AccountAuthenticatorActivity;-><init>()V,8.426189885887763e-05
Landroid/support/v4/widget/ExploreByTouchHelper;-><init>(Landroid/view/View;)V,8.401317626848032e-05
Landroid/webkit/WebView;->requestFocusNodeHref(Landroid/os/Message;)V,8.336355220658427e-05
Landroid/text/Layout;->getLineLeft(I)F,8.278454189775513e-05
Landroid/graphics/drawable/LayerDrawable;->draw(Landroid/graphics/Canvas;)V,8.259293962919717e-05
Landroid/support/v7/widget/Toolbar;->inflateMenu(I)V,8.245998633734401e-05
Landroid/bluetooth/BluetoothAdapter;->getRemoteDevice(Ljava/lang/String;)Landroid/bluetooth/BluetoothDevice;,8.244507463376346e-05
Landroid/support/v7/internal/widget/ContentFrameLayout;-><init>(Landroid/content/Context;)V,8.190893434782675e-05
Landroid/widget/Switch;-><init>(Landroid/content/Context;)V,8.156289448454924e-05
Landroid/widget/RemoteViewsService;-><init>()V,8.113112072482153e-05
Landroid/support/v7/app/ActionBarDrawerToggle;->onOptionsItemSelected(Landroid/view/MenuItem;)Z,8.092397369560349e-05
Landroid/app/Activity;->removeDialog(I)V,8.085817429789661e-05
Landroid/bluetooth/BluetoothSocket;->connect()V,7.960144513236747e-05
Landroid/widget/NumberPicker;-><init>(Landroid/content/Context;)V,7.888974702560841e-05
Landroid/bluetooth/BluetoothAdapter;->isDiscovering()Z,7.861915735960408e-05
Landroid/widget/HorizontalScrollView;->draw(Landroid/graphics/Canvas;)V,7.798780448172589e-05
Landroid/widget/ImageView;->jumpDrawablesToCurrentState()V,7.769071336568954e-05
Landroid/os/Parcel;->readSparseArray(Ljava/lang/ClassLoader;)Landroid/util/SparseArray;,7.729698583156903e-05
Lcom/bumptech/glide/load/engine/cache/MemorySizeCalculator;-><init>(Landroid/content/Context;)V,7.710172820227905e-05
Landroid/text/format/DateFormat;->getDateFormatOrder(Landroid/content/Context;)[C,7.701338008984218e-05
Landroid/support/v7/widget/Toolbar;->setTitle(I)V,7.697093866200529e-05
Landroid/widget/BaseExpandableListAdapter;->notifyDataSetChanged()V,7.618934301959694e-05
Landroid/widget/Gallery;->onTouchEvent(Landroid/view/MotionEvent;)Z,7.58319953227317e-05
Landroid/telephony/TelephonyManager;->getGroupIdLevel1()Ljava/lang/String;,7.539989626078208e-05
Landroid/media/AudioManager;->isBluetoothScoAvailableOffCall()Z,7.454853260173358e-05
Landroid/widget/ProgressBar;->setProgressTintList(Landroid/content/res/ColorStateList;)V,7.38636106245328e-05
Landroid/support/v4/widget/SwipeRefreshLayout;-><init>(Landroid/content/Context;)V,7.3589153354023e-05
Landroid/webkit/WebView;->getCertificate()Landroid/net/http/SslCertificate;,7.343855948747212e-05
Landroid/text/SpannableStringBuilder;->clearSpans()V,7.28503657076179e-05
Landroid/media/CamcorderProfile;->get(I)Landroid/media/CamcorderProfile;,7.19284837642189e-05
Landroid/graphics/drawable/BitmapDrawable;-><init>(Landroid/content/res/Resources;)V,7.046127160972598e-05
Landroid/os/Parcel;->writeArray([Ljava/lang/Object;)V,7.044191660600397e-05
Landroid/animation/ValueAnimator;->setCurrentPlayTime(J)V,7.03996792769974e-05
Landroid/app/DialogFragment;->onStart()V,7.013580583701796e-05
Landroid/app/TaskStackBuilder;->addParentStack(Ljava/lang/Class;)Landroid/app/TaskStackBuilder;,7.002589537397794e-05
Landroid/content/ContentResolver;->setMasterSyncAutomatically(Z)V,6.980995744870399e-05
Landroid/app/DialogFragment;->onActivityCreated(Landroid/os/Bundle;)V,6.976058836652139e-05
Landroid/text/Spannable$Factory;->newSpannable(Ljava/lang/CharSequence;)Landroid/text/Spannable;,6.968827340909189e-05
Landroid/media/AudioManager;->setMicrophoneMute(Z)V,6.94746999952805e-05
Landroid/support/v4/app/Fragment;->getString(I)Ljava/lang/String;,6.902369487133925e-05
Landroid/bluetooth/BluetoothAdapter;->disable()Z,6.87701957541504e-05
Landroid/content/CursorLoader;->loadInBackground()Landroid/database/Cursor;,6.851677196903276e-05
Landroid/app/Activity;->startNextMatchingActivity(Landroid/content/Intent;)Z,6.844658124600924e-05
Landroid/view/ViewGroup;->removeAllViewsInLayout()V,6.711067250826728e-05
Landroid/database/sqlite/SQLiteDatabase;->create(Landroid/database/sqlite/SQLiteDatabase$CursorFactory;)Landroid/database/sqlite/SQLiteDatabase;,6.681643095542101e-05
Landroid/view/ViewGroup;->generateLayoutParams(Landroid/util/AttributeSet;)Landroid/view/ViewGroup$LayoutParams;,6.673071088847678e-05
Landroid/content/pm/IPackageDataObserver$Stub;-><init>()V,6.598135443911363e-05
Landroid/view/View;->setSoundEffectsEnabled(Z)V,6.562553503194664e-05
Landroid/nfc/NfcAdapter;->getDefaultAdapter(Landroid/content/Context;)Landroid/nfc/NfcAdapter;,6.504622951980284e-05
Landroid/database/sqlite/SQLiteStatement;->simpleQueryForString()Ljava/lang/String;,6.426559227699647e-05
Landroid/view/View;->setTextAlignment(I)V,6.391763416133292e-05
Landroid/widget/ListPopupWindow;->dismiss()V,6.381059457741252e-05
Landroid/content/AsyncTaskLoader;-><init>(Landroid/content/Context;)V,6.375264737960021e-05
Landroid/bluetooth/BluetoothAdapter;->getScanMode()I,6.236158588518003e-05
Landroid/support/v4/app/DialogFragment;->onStop()V,6.216217540473089e-05
Landroid/telephony/TelephonyManager;->getDataActivity()I,6.197521758587848e-05
Landroid/widget/ImageView;->setImageLevel(I)V,6.099988351563483e-05
Landroid/widget/ViewAnimator;->setDisplayedChild(I)V,6.074204393248817e-05
Landroid/transition/TransitionManager;->transitionTo(Landroid/transition/Scene;)V,6.072641090702522e-05
Landroid/media/AudioManager;->setBluetoothScoOn(Z)V,6.0621207754618455e-05
Landroid/database/sqlite/SQLiteDatabase;->enableWriteAheadLogging()Z,6.046493972070163e-05
Landroid/app/DialogFragment;->onStop()V,6.040759021566981e-05
Landroid/support/v7/internal/view/menu/MenuItemImpl;->setChecked(Z)Landroid/view/MenuItem;,6.020767731038562e-05
Landroid/text/Editable$Factory;->newEditable(Ljava/lang/CharSequence;)Landroid/text/Editable;,5.9899968340036205e-05
Landroid/os/ServiceManager;->getService(Ljava/lang/String;)Landroid/os/IBinder;,5.976383813817523e-05
Landroid/net/wifi/WifiManager;->createMulticastLock(Ljava/lang/String;)Landroid/net/wifi/WifiManager$MulticastLock;,5.9638940864614775e-05
Landroid/view/Window;-><init>(Landroid/content/Context;)V,5.955645472049671e-05
Landroid/widget/TextView;->setHint(I)V,5.9304731172062444e-05
Landroid/view/accessibility/CaptioningManager;->addCaptioningChangeListener(Landroid/view/accessibility/CaptioningManager$CaptioningChangeListener;)V,5.85758724278691e-05
Landroid/net/wifi/WifiManager$MulticastLock;->release()V,5.8545646423839176e-05
Landroid/preference/PreferenceFragment;->onActivityCreated(Landroid/os/Bundle;)V,5.780411519551307e-05
Landroid/widget/ProgressBar;->setIndeterminateTintList(Landroid/content/res/ColorStateList;)V,5.7795698148841674e-05
Landroid/bluetooth/BluetoothDevice;->createRfcommSocketToServiceRecord(Ljava/util/UUID;)Landroid/bluetooth/BluetoothSocket;,5.7274300518884924e-05
Landroid/support/v4/content/FileProvider;-><init>()V,5.6929703599661664e-05
Landroid/telephony/TelephonyManager;->getVoiceMailNumber()Ljava/lang/String;,5.672369645863315e-05
Landroid/widget/GridView;->smoothScrollToPosition(I)V,5.657173915883096e-05
Landroid/view/View;->setTextDirection(I)V,5.6210401655950774e-05
Landroid/widget/PopupMenu;->inflate(I)V,5.617728508852739e-05
Landroid/util/LruCache;->remove(Ljava/lang/Object;)Ljava/lang/Object;,5.600423992685774e-05
Landroid/app/WallpaperManager;->setStream(Ljava/io/InputStream;)V,5.59023816887407e-05
Landroid/app/Activity;->registerForContextMenu(Landroid/view/View;)V,5.576165312378016e-05
Landroid/app/backup/BackupAgentHelper;-><init>()V,5.566411621357164e-05
Landroid/support/v4/app/NavUtils;->navigateUpFromSameTask(Landroid/app/Activity;)V,5.507432459171859e-05
Landroid/net/TrafficStats;->getMobileTxBytes()J,5.340018297186811e-05
Landroid/support/v7/widget/RecyclerView;->onInterceptTouchEvent(Landroid/view/MotionEvent;)Z,5.283808630745523e-05
Landroid/support/v7/widget/SwitchCompat;-><init>(Landroid/content/Context;)V,5.217672054195529e-05
Landroid/app/TaskStackBuilder;->startActivities()V,5.044163944109633e-05
Landroid/widget/MultiAutoCompleteTextView;-><init>(Landroid/content/Context;)V,5.027220734787987e-05
Landroid/database/sqlite/SQLiteDatabase;->beginTransactionNonExclusive()V,4.941732422803423e-05
Landroid/view/View;->getDrawingCache(Z)Landroid/graphics/Bitmap;,4.8907918169292886e-05
Landroid/os/BatteryManager;->getIntProperty(I)I,4.840854920516244e-05
Landroid/app/DialogFragment;->onCreateDialog(Landroid/os/Bundle;)Landroid/app/Dialog;,4.718271582557e-05
Landroid/view/View;->playSoundEffect(I)V,4.7069986401887016e-05
Landroid/support/v4/app/DialogFragment;->dismissAllowingStateLoss()V,4.6912818126500507e-05
Landroid/net/TrafficStats;->getMobileRxBytes()J,4.597265679971406e-05
Landroid/app/Service;->stopSelf(I)V,4.572191780199828e-05
Landroid/bluetooth/BluetoothDevice;->getType()I,4.539580408646977e-05
Landroid/widget/DatePicker;-><init>(Landroid/content/Context;)V,4.465944340845272e-05
Landroid/speech/SpeechRecognizer;->destroy()V,4.362916544033658e-05
Landroid/database/sqlite/SQLiteDatabase;->setForeignKeyConstraintsEnabled(Z)V,4.290155250259047e-05
Landroid/support/v4/app/ListFragment;->onDestroyView()V,4.281520095130271e-05
Landroid/app/Activity;->closeContextMenu()V,4.243295251407704e-05
Landroid/widget/ListPopupWindow;-><init>(Landroid/content/Context;)V,4.155031613709808e-05
Landroid/content/SearchRecentSuggestionsProvider;-><init>()V,4.152201415299635e-05
Landroid/view/Display;->getName()Ljava/lang/String;,4.073540677514326e-05
Landroid/support/v8/renderscript/RenderScript;->create(Landroid/content/Context;)Landroid/support/v8/renderscript/RenderScript;,4.0648422900773985e-05
Landroid/accounts/AccountAuthenticatorResponse;->onResult(Landroid/os/Bundle;)V,4.025275299968788e-05
Landroid/widget/TextView;->setInputType(I)V,4.00147518537451e-05
Landroid/widget/TextView;->onInitializeAccessibilityNodeInfo(Landroid/view/accessibility/AccessibilityNodeInfo;)V,3.9093530565508845e-05
Landroid/support/v4/app/ActionBarDrawerToggle;->onConfigurationChanged(Landroid/content/res/Configuration;)V,3.8398585604085e-05
Landroid/support/v4/widget/DrawerLayout;->onInterceptTouchEvent(Landroid/view/MotionEvent;)Z,3.8205170810266624e-05
Landroid/widget/CheckedTextView;-><init>(Landroid/content/Context;)V,3.620917054745511e-05
Landroid/preference/PreferenceFragment;->onDestroy()V,3.590044083068798e-05
Landroid/accounts/AccountManager;->removeOnAccountsUpdatedListener(Landroid/accounts/OnAccountsUpdateListener;)V,3.393430457638248e-05
Landroid/support/v7/app/ActionBarDrawerToggle;->setDrawerIndicatorEnabled(Z)V,3.3480918615636484e-05
Landroid/widget/ScrollView;->draw(Landroid/graphics/Canvas;)V,3.278503195548608e-05
Landroid/widget/HorizontalScrollView;->fling(I)V,3.183816378588744e-05
Landroid/view/View;->callOnClick()Z,3.1512252377924344e-05
Landroid/view/View;->setDuplicateParentStateEnabled(Z)V,3.1169049953921776e-05
Landroid/widget/Space;-><init>(Landroid/content/Context;)V,3.084553352615658e-05
Landroid/database/sqlite/SQLiteDatabase;->yieldIfContendedSafely()Z,2.8400447343669648e-05
Landroid/graphics/drawable/BitmapDrawable;-><init>(Ljava/lang/String;)V,2.8173334667030782e-05
Landroid/app/DialogFragment;->onDestroyView()V,2.7135246873992708e-05
Landroid/app/ActivityManager;->isUserAMonkey()Z,2.6890080318144752e-05
Landroid/app/backup/BackupManager;->dataChanged()V,2.6363178614276454e-05
Landroid/animation/ValueAnimator;->reverse()V,2.5067905298167186e-05
Landroid/widget/RatingBar;-><init>(Landroid/content/Context;)V,2.294524860624988e-05
Landroid/bluetooth/BluetoothAdapter;->getProfileConnectionState(I)I,2.2813421716016833e-05
Landroid/support/v4/app/ActionBarDrawerToggle;->onOptionsItemSelected(Landroid/view/MenuItem;)Z,2.1916615437990194e-05
Lcom/bumptech/glide/Glide;->with(Landroid/support/v4/app/Fragment;)Lcom/bumptech/glide/RequestManager;,2.1759209978898147e-05
Landroid/view/accessibility/CaptioningManager;->isEnabled()Z,2.1090129092787153e-05
Landroid/text/style/ImageSpan;->getDrawable()Landroid/graphics/drawable/Drawable;,1.8397880889386794e-05
Landroid/support/v4/app/TaskStackBuilder;->addNextIntentWithParentStack(Landroid/content/Intent;)Landroid/support/v4/app/TaskStackBuilder;,1.0521123419138094e-05
